RLC_family0_LTR_retrotransposon197_chr03_6655011_6659994	0.078	3.01
RLC_family0_LTR_retrotransposon229_chr03_14607174_14612523	0.063	2.43
RLC_family0_LTR_retrotransposon310_chr05_6631579_6636872	0.130	5.00
RLC_family0_LTR_retrotransposon317_chr05_7787057_7791455	0.025	0.95
RLC_family0_LTR_retrotransposon904_chr17_1322203_1327705	0.122	4.68
RLC_family1_LTR_retrotransposon373_chr06_3725095_3727723	0.083	3.20
RLC_family1_LTR_retrotransposon462_chr06_11348367_11351774	0.025	0.94
RLC_family1_LTR_retrotransposon471_chr06_11794857_11797485	0.083	3.20
RLC_family1_LTR_retrotransposon975_chr19_3349058_3354445	0.063	2.43
RLC_family2_LTR_retrotransposon151_chr02_14081837_14087085	0.003	0.11
RLC_family2_LTR_retrotransposon263_chr04_11745051_11750326	0.015	0.56
RLC_family2_LTR_retrotransposon427_chr06_8690595_8695882	0.026	0.99
RLC_family2_LTR_retrotransposon740_chr12_5729445_5734716	0.021	0.80
RLC_family3_LTR_retrotransposon747_chr12_7391416_7396650	0.071	2.74
RLC_family3_LTR_retrotransposon748_chr12_7419666_7424970	0.054	2.08
RLC_family3_LTR_retrotransposon752_chr12_8356587_8361690	0.081	3.12
RLC_family3_LTR_retrotransposon911_chr17_1904879_1910131	0.018	0.68
RLC_family4_LTR_retrotransposon200_chr03_7038598_7046669	0.073	2.80
RLC_family4_LTR_retrotransposon574_chr08_6014794_6021902	0.023	0.88
RLC_family4_LTR_retrotransposon768_chr13_5295091_5302276	0.070	2.69
RLC_family5_LTR_retrotransposon134_chr02_12758667_12763292	0.020	0.78
RLC_family5_LTR_retrotransposon140_chr02_12988154_12998707	0.055	2.13
RLC_family5_LTR_retrotransposon335_chr06_708203_722259	0.026	0.98
RLC_family6_LTR_retrotransposon224_chr03_14395193_14401676	0.106	4.08
RLC_family6_LTR_retrotransposon281_chr04_13142099_13150819	0.119	4.56
RLC_family6_LTR_retrotransposon782_chr13_6153725_6160659	0.087	3.35
RLC_family7_LTR_retrotransposon42_chr02_195968_202448	0.048	1.85
RLC_family7_LTR_retrotransposon201_chr03_7678539_7691993	0.056	2.14
RLC_family7_LTR_retrotransposon349_chr06_2068630_2074453	0.044	1.69
RLC_family8_LTR_retrotransposon226_chr03_14453282_14458427	0.031	1.20
RLC_family8_LTR_retrotransposon865_chr16_210476_215505	0.063	2.41
RLC_family9_LTR_retrotransposon189_chr03_6248336_6263098	0.023	0.89
RLC_family9_LTR_retrotransposon191_chr03_6297151_6311362	0.026	0.99
RLC_family10_LTR_retrotransposon183_chr03_5081244_5086301	0.060	2.32
RLC_family10_LTR_retrotransposon707_chr11_6066092_6071235	0.099	3.79
RLC_family11_LTR_retrotransposon332_chr06_215952_221823	0.185	7.11
RLC_family11_LTR_retrotransposon459_chr06_11261294_11274432	0.046	1.78
RLC_family12_LTR_retrotransposon730_chr11_8892139_8895119	0.014	0.55
RLC_family12_LTR_retrotransposon978_chr19_3565627_3573058	0.047	1.80
RLC_family13_LTR_retrotransposon34_chr01_31454130_31461664	0.045	1.72
RLC_family13_LTR_retrotransposon966_chr19_2578332_2587271	0.148	5.68
RLC_family14_LTR_retrotransposon375_chr06_3761454_3776112	0.005	0.18
RLC_family14_LTR_retrotransposon452_chr06_10936030_10940882	0.042	1.60
RLC_family15_LTR_retrotransposon636_chr10_2330148_2337187	0.117	4.48
RLC_family15_LTR_retrotransposon640_chr10_2698099_2705477	0.089	3.43
RLC_family16_LTR_retrotransposon460_chr06_11317809_11321243	0.030	1.17
RLC_family16_LTR_retrotransposon556_chr08_4036212_4045426	0.010	0.39
RLC_family17_LTR_retrotransposon372_chr06_3691170_3702909	0.046	1.79
RLC_family17_LTR_retrotransposon954_chr18_7356553_7366119	0.045	1.74
RLC_family18_LTR_retrotransposon990_chr19_5132266_5135879	0.052	2.02
RLC_family18_LTR_retrotransposon992_chr19_5477848_5481461	0.052	2.02
RLC_singleton_family0_LTR_retrotransposon27_chr01_30637960_30643101	0.062	2.39
RLC_singleton_family1_LTR_retrotransposon28_chr01_30913094_30918298	0.044	1.68
RLC_singleton_family2_LTR_retrotransposon35_chr01_31696245_31706231	0.092	3.52
RLC_singleton_family3_LTR_retrotransposon67_chr02_3635683_3637155	0.018	0.71
RLC_singleton_family4_LTR_retrotransposon69_chr02_3794140_3799413	0.028	1.07
RLC_singleton_family5_LTR_retrotransposon124_chr02_11573987_11589045	0.043	1.63
RLC_singleton_family6_LTR_retrotransposon135_chr02_12784917_12793519	0.030	1.14
RLC_singleton_family7_LTR_retrotransposon188_chr03_6170303_6175577	0.070	2.70
RLC_singleton_family8_LTR_retrotransposon221_chr03_14145294_14150314	0.086	3.32
RLC_singleton_family9_LTR_retrotransposon240_chr04_216075_221227	0.038	1.45
RLC_singleton_family10_LTR_retrotransposon253_chr04_9391626_9397027	0.016	0.61
RLC_singleton_family11_LTR_retrotransposon271_chr04_12715578_12720534	0.055	2.11
RLC_singleton_family12_LTR_retrotransposon276_chr04_12866929_12871491	0.123	4.72
RLC_singleton_family13_LTR_retrotransposon280_chr04_13128610_13137931	0.014	0.53
RLC_singleton_family14_LTR_retrotransposon284_chr04_14257339_14262479	0.061	2.34
RLC_singleton_family15_LTR_retrotransposon325_chr05_8884225_8889302	0.110	4.24
RLC_singleton_family16_LTR_retrotransposon347_chr06_2008650_2014153	0.101	3.88
RLC_singleton_family17_LTR_retrotransposon358_chr06_2700280_2708121	0.091	3.52
RLC_singleton_family18_LTR_retrotransposon378_chr06_3966710_3974403	0.005	0.21
RLC_singleton_family19_LTR_retrotransposon430_chr06_9473274_9480064	0.057	2.18
RLC_singleton_family20_LTR_retrotransposon454_chr06_11039103_11047065	0.002	0.08
RLC_singleton_family21_LTR_retrotransposon481_chr07_5758898_5768798	0.042	1.60
RLC_singleton_family22_LTR_retrotransposon516_chr07_7158060_7166337	0.143	5.49
RLC_singleton_family23_LTR_retrotransposon548_chr08_1677387_1679408	0.175	6.73
RLC_singleton_family24_LTR_retrotransposon612_chr09_4362972_4368098	0.101	3.87
RLC_singleton_family25_LTR_retrotransposon617_chr09_4662734_4667305	0.082	3.13
RLC_singleton_family26_LTR_retrotransposon663_chr10_5481484_5486540	0.102	3.91
RLC_singleton_family27_LTR_retrotransposon751_chr12_7957014_7962653	0.072	2.78
RLC_singleton_family28_LTR_retrotransposon775_chr13_5598573_5602335	0.080	3.06
RLC_singleton_family29_LTR_retrotransposon787_chr13_6984953_6987085	0.167	6.41
RLC_singleton_family30_LTR_retrotransposon795_chr14_338105_342823	0.149	5.72
RLC_singleton_family31_LTR_retrotransposon800_chr14_2298109_2303340	0.087	3.34
RLC_singleton_family32_LTR_retrotransposon802_chr14_2684243_2689451	0.086	3.30
RLC_singleton_family33_LTR_retrotransposon808_chr14_3318363_3324741	0.060	2.33
RLC_singleton_family34_LTR_retrotransposon825_chr15_418092_422211	0.072	2.76
RLC_singleton_family35_LTR_retrotransposon854_chr15_5423116_5425858	0.026	1.00
RLC_singleton_family36_LTR_retrotransposon866_chr16_217405_222729	0.117	4.52
RLC_singleton_family37_LTR_retrotransposon881_chr16_2130543_2135597	0.077	2.96
RLC_singleton_family38_LTR_retrotransposon899_chr17_623919_629393	0.069	2.66
RLC_singleton_family39_LTR_retrotransposon939_chr18_1628050_1632527	0.012	0.45
RLC_singleton_family40_LTR_retrotransposon951_chr18_5357554_5362923	0.026	1.02
RLC_singleton_family41_LTR_retrotransposon963_chr19_1919294_1925897	0.048	1.85
RLC_singleton_family42_LTR_retrotransposon964_chr19_2146442_2160286	0.065	2.51
RLC_singleton_family43_LTR_retrotransposon1023_chr20_5389562_5394388	0.062	2.40
RLG_family0_LTR_retrotransposon66_chr02_3494486_3510055	0.059	2.27
RLG_family0_LTR_retrotransposon214_chr03_13498829_13513124	0.052	1.99
RLG_family0_LTR_retrotransposon228_chr03_14542501_14557247	0.064	2.46
RLG_family0_LTR_retrotransposon264_chr04_12129371_12140792	0.081	3.10
RLG_family0_LTR_retrotransposon366_chr06_3380695_3395577	0.073	2.82
RLG_family0_LTR_retrotransposon537_chr08_17527_31114	0.020	0.78
RLG_family0_LTR_retrotransposon724_chr11_7581104_7596268	0.058	2.23
RLG_family0_LTR_retrotransposon799_chr14_1584195_1596462	0.111	4.28
RLG_family0_LTR_retrotransposon916_chr17_2197009_2211158	0.020	0.75
RLG_family1_LTR_retrotransposon245_chr04_1762069_1777242	0.004	0.16
RLG_family1_LTR_retrotransposon453_chr06_10944951_10960694	0.002	0.08
RLG_family1_LTR_retrotransposon518_chr07_7343288_7357753	0.010	0.39
RLG_family1_LTR_retrotransposon587_chr08_9597907_9613230	0.001	0.04
RLG_family1_LTR_retrotransposon597_chr09_2487517_2503254	0.005	0.20
RLG_family1_LTR_retrotransposon771_chr13_5448273_5463909	0.002	0.08
RLG_family2_LTR_retrotransposon60_chr02_3114979_3126303	0.146	5.63
RLG_family2_LTR_retrotransposon275_chr04_12837569_12852685	0.089	3.42
RLG_family2_LTR_retrotransposon418_chr06_6131624_6142230	0.078	2.98
RLG_family2_LTR_retrotransposon421_chr06_6225900_6233086	0.056	2.16
RLG_family2_LTR_retrotransposon774_chr13_5575703_5590172	0.121	4.67
RLG_family3_LTR_retrotransposon79_chr02_5583148_5591064	0.021	0.82
RLG_family3_LTR_retrotransposon351_chr06_2168573_2177058	0.029	1.12
RLG_family3_LTR_retrotransposon502_chr07_6412706_6421784	0.021	0.81
RLG_family3_LTR_retrotransposon557_chr08_4915184_4920058	0.032	1.22
RLG_family4_LTR_retrotransposon139_chr02_12953086_12968036	0.157	6.03
RLG_family4_LTR_retrotransposon435_chr06_10046028_10059279	0.085	3.25
RLG_family4_LTR_retrotransposon654_chr10_4321657_4336531	0.119	4.57
RLG_family4_LTR_retrotransposon918_chr17_2649213_2655262	0.081	3.13
RLG_family5_LTR_retrotransposon132_chr02_12419725_12432310	0.069	2.64
RLG_family5_LTR_retrotransposon425_chr06_7549091_7564277	0.005	0.21
RLG_family5_LTR_retrotransposon738_chr12_5691343_5705072	0.013	0.50
RLG_family5_LTR_retrotransposon780_chr13_5984995_5999400	0.001	0.04
RLG_family6_LTR_retrotransposon314_chr05_7586064_7590450	0.118	4.52
RLG_family6_LTR_retrotransposon765_chr13_4889694_4901507	0.055	2.10
RLG_family6_LTR_retrotransposon816_chr14_4224184_4229164	0.145	5.58
RLG_family6_LTR_retrotransposon1019_chr20_4949012_4953692	0.085	3.27
RLG_family7_LTR_retrotransposon117_chr02_10318091_10323999	0.054	2.07
RLG_family7_LTR_retrotransposon573_chr08_5696435_5700171	0.022	0.85
RLG_family7_LTR_retrotransposon913_chr17_1985763_1993484	0.087	3.36
RLG_family8_LTR_retrotransposon252_chr04_9026166_9031656	0.000	0.00
RLG_family8_LTR_retrotransposon757_chr13_131016_136506	0.000	0.00
RLG_family8_LTR_retrotransposon778_chr13_5855499_5861006	0.067	2.57
RLG_family9_LTR_retrotransposon599_chr09_2899810_2908861	0.103	3.95
RLG_family9_LTR_retrotransposon610_chr09_4202586_4211091	0.064	2.46
RLG_family9_LTR_retrotransposon611_chr09_4227732_4236365	0.095	3.64
RLG_family10_LTR_retrotransposon337_chr06_951269_956683	0.067	2.57
RLG_family10_LTR_retrotransposon643_chr10_3315174_3320535	0.075	2.88
RLG_family10_LTR_retrotransposon736_chr12_5594607_5599814	0.140	5.40
RLG_family11_LTR_retrotransposon801_chr14_2605847_2611236	0.113	4.35
RLG_family11_LTR_retrotransposon880_chr16_2072739_2078032	0.072	2.78
RLG_family11_LTR_retrotransposon891_chr16_5236029_5241474	0.023	0.88
RLG_family12_LTR_retrotransposon133_chr02_12521864_12528133	0.053	2.03
RLG_family12_LTR_retrotransposon482_chr07_5807301_5815911	0.005	0.20
RLG_family12_LTR_retrotransposon1021_chr20_5285468_5296531	0.069	2.64
RLG_family13_LTR_retrotransposon708_chr11_6493794_6501898	0.031	1.18
RLG_family13_LTR_retrotransposon943_chr18_2404384_2412079	0.059	2.28
RLG_family13_LTR_retrotransposon1001_chr20_1327721_1338082	0.004	0.17
RLG_family14_LTR_retrotransposon211_chr03_13233071_13242081	0.119	4.58
RLG_family14_LTR_retrotransposon777_chr13_5834582_5839956	0.139	5.35
RLG_family14_LTR_retrotransposon1028_chr20_5733326_5739195	0.133	5.12
RLG_family15_LTR_retrotransposon210_chr03_13155957_13167704	0.109	4.18
RLG_family15_LTR_retrotransposon734_chr12_5336361_5350198	0.075	2.90
RLG_family15_LTR_retrotransposon1009_chr20_3962325_3976173	0.070	2.68
RLG_family16_LTR_retrotransposon59_chr02_3099323_3112572	0.146	5.63
RLG_family16_LTR_retrotransposon118_chr02_10355815_10370277	0.096	3.70
RLG_family16_LTR_retrotransposon477_chr07_5071394_5080977	0.027	1.02
RLG_family17_LTR_retrotransposon345_chr06_1738573_1747854	0.015	0.56
RLG_family17_LTR_retrotransposon402_chr06_4820117_4829730	0.007	0.28
RLG_family17_LTR_retrotransposon411_chr06_5082924_5092442	0.010	0.38
RLG_family18_LTR_retrotransposon817_chr14_4406982_4412373	0.010	0.40
RLG_family18_LTR_retrotransposon819_chr14_4596509_4601900	0.030	1.15
RLG_family18_LTR_retrotransposon820_chr14_4616922_4622313	0.016	0.61
RLG_family19_LTR_retrotransposon272_chr04_12751445_12756759	0.056	2.17
RLG_family19_LTR_retrotransposon322_chr05_8337816_8343059	0.043	1.66
RLG_family19_LTR_retrotransposon897_chr16_6555053_6560293	0.000	0.00
RLG_family20_LTR_retrotransposon141_chr02_13097083_13102156	0.095	3.67
RLG_family20_LTR_retrotransposon841_chr15_2374619_2379943	0.018	0.69
RLG_family20_LTR_retrotransposon929_chr18_658295_663351	0.066	2.54
RLG_family21_LTR_retrotransposon383_chr06_4462145_4469342	0.026	1.01
RLG_family21_LTR_retrotransposon499_chr07_6331501_6342525	0.060	2.33
RLG_family21_LTR_retrotransposon511_chr07_6569062_6577869	0.048	1.85
RLG_family22_LTR_retrotransposon492_chr07_6143441_6148619	0.038	1.46
RLG_family22_LTR_retrotransposon522_chr07_7875640_7880973	0.117	4.49
RLG_family22_LTR_retrotransposon886_chr16_2892793_2898167	0.021	0.82
RLG_family23_LTR_retrotransposon479_chr07_5283691_5286205	0.124	4.77
RLG_family23_LTR_retrotransposon876_chr16_1604508_1609831	0.003	0.11
RLG_family23_LTR_retrotransposon915_chr17_2136871_2142174	0.062	2.40
RLG_family24_LTR_retrotransposon46_chr02_694342_699765	0.000	0.00
RLG_family24_LTR_retrotransposon538_chr08_146525_151673	0.068	2.63
RLG_family25_LTR_retrotransposon346_chr06_1965643_1977473	0.121	4.64
RLG_family25_LTR_retrotransposon478_chr07_5183726_5198170	0.029	1.10
RLG_family26_LTR_retrotransposon199_chr03_6872254_6883240	0.005	0.20
RLG_family26_LTR_retrotransposon803_chr14_2772918_2782533	0.038	1.47
RLG_family27_LTR_retrotransposon364_chr06_3314963_3319500	0.084	3.23
RLG_family27_LTR_retrotransposon368_chr06_3414256_3424265	0.034	1.32
RLG_family28_LTR_retrotransposon56_chr02_2689734_2700404	0.124	4.78
RLG_family28_LTR_retrotransposon809_chr14_3445453_3459936	0.150	5.77
RLG_family29_LTR_retrotransposon493_chr07_6217030_6226181	0.016	0.60
RLG_family29_LTR_retrotransposon496_chr07_6286812_6296450	0.006	0.24
RLG_family30_LTR_retrotransposon116_chr02_10262723_10267792	0.089	3.41
RLG_family30_LTR_retrotransposon988_chr19_4555461_4560527	0.089	3.42
RLG_family31_LTR_retrotransposon243_chr04_1018643_1024110	0.015	0.57
RLG_family31_LTR_retrotransposon517_chr07_7316426_7321727	0.121	4.66
RLG_family32_LTR_retrotransposon181_chr03_4813793_4829011	0.008	0.32
RLG_family32_LTR_retrotransposon884_chr16_2452807_2468121	0.056	2.15
RLG_family33_LTR_retrotransposon308_chr05_5384188_5389537	0.012	0.46
RLG_family33_LTR_retrotransposon726_chr11_7958328_7963480	0.075	2.89
RLG_family34_LTR_retrotransposon660_chr10_4948504_4953840	0.047	1.79
RLG_family34_LTR_retrotransposon671_chr10_6107356_6112693	0.050	1.91
RLG_family35_LTR_retrotransposon560_chr08_4943106_4950201	0.033	1.26
RLG_family35_LTR_retrotransposon927_chr18_444170_455292	0.018	0.69
RLG_family36_LTR_retrotransposon928_chr18_584022_595417	0.115	4.41
RLG_family36_LTR_retrotransposon942_chr18_1985159_1998166	0.134	5.14
RLG_family37_LTR_retrotransposon129_chr02_12292143_12305246	0.116	4.47
RLG_family37_LTR_retrotransposon343_chr06_1351295_1366531	0.028	1.07
RLG_family38_LTR_retrotransposon856_chr15_5609476_5624339	0.004	0.17
RLG_family38_LTR_retrotransposon859_chr15_5744652_5759544	0.007	0.25
RLG_family39_LTR_retrotransposon385_chr06_4518971_4533397	0.083	3.18
RLG_family39_LTR_retrotransposon821_chr14_4903693_4918384	0.064	2.45
RLG_family40_LTR_retrotransposon205_chr03_11528263_11533776	0.040	1.55
RLG_family40_LTR_retrotransposon933_chr18_1274982_1280314	0.090	3.46
RLG_family41_LTR_retrotransposon268_chr04_12396099_12401363	0.142	5.47
RLG_family41_LTR_retrotransposon328_chr05_9364625_9369850	0.047	1.82
RLG_family42_LTR_retrotransposon614_chr09_4476434_4480756	0.125	4.80
RLG_family42_LTR_retrotransposon616_chr09_4657912_4661929	0.019	0.72
RLG_family43_LTR_retrotransposon604_chr09_3106825_3118008	0.117	4.50
RLG_family43_LTR_retrotransposon1026_chr20_5509673_5518764	0.042	1.63
RLG_singleton_family0_LTR_retrotransposon5_chr01_2080175_2089480	0.035	1.36
RLG_singleton_family1_LTR_retrotransposon25_chr01_30188419_30193800	0.092	3.53
RLG_singleton_family2_LTR_retrotransposon32_chr01_31300066_31308184	0.093	3.60
RLG_singleton_family3_LTR_retrotransposon55_chr02_2651380_2662231	0.113	4.36
RLG_singleton_family4_LTR_retrotransposon58_chr02_2897754_2909022	0.095	3.66
RLG_singleton_family5_LTR_retrotransposon61_chr02_3216970_3221708	0.054	2.06
RLG_singleton_family6_LTR_retrotransposon65_chr02_3486216_3491733	0.038	1.48
RLG_singleton_family7_LTR_retrotransposon73_chr02_4019957_4031209	0.160	6.15
RLG_singleton_family8_LTR_retrotransposon81_chr02_5679806_5684909	0.009	0.35
RLG_singleton_family9_LTR_retrotransposon128_chr02_12167140_12172452	0.034	1.31
RLG_singleton_family10_LTR_retrotransposon137_chr02_12886871_12900226	0.065	2.49
RLG_singleton_family11_LTR_retrotransposon150_chr02_13896993_13911340	0.031	1.20
RLG_singleton_family12_LTR_retrotransposon153_chr02_14137031_14148330	0.107	4.13
RLG_singleton_family13_LTR_retrotransposon154_chr02_14164991_14174770	0.058	2.22
RLG_singleton_family14_LTR_retrotransposon173_chr03_3394216_3397105	0.061	2.34
RLG_singleton_family15_LTR_retrotransposon174_chr03_3498907_3508059	0.087	3.34
RLG_singleton_family16_LTR_retrotransposon177_chr03_4215418_4224079	0.149	5.74
RLG_singleton_family17_LTR_retrotransposon179_chr03_4275683_4284655	0.067	2.57
RLG_singleton_family18_LTR_retrotransposon180_chr03_4501015_4506334	0.017	0.66
RLG_singleton_family19_LTR_retrotransposon182_chr03_5029132_5034064	0.087	3.34
RLG_singleton_family20_LTR_retrotransposon184_chr03_5208428_5213939	0.009	0.35
RLG_singleton_family21_LTR_retrotransposon185_chr03_5350535_5358539	0.088	3.40
RLG_singleton_family22_LTR_retrotransposon186_chr03_5393913_5397949	0.074	2.83
RLG_singleton_family23_LTR_retrotransposon193_chr03_6420422_6427301	0.142	5.45
RLG_singleton_family24_LTR_retrotransposon198_chr03_6838164_6843119	0.108	4.17
RLG_singleton_family25_LTR_retrotransposon203_chr03_7925364_7930852	0.008	0.32
RLG_singleton_family26_LTR_retrotransposon206_chr03_12280012_12285290	0.079	3.03
RLG_singleton_family27_LTR_retrotransposon207_chr03_12373212_12379861	0.047	1.80
RLG_singleton_family28_LTR_retrotransposon212_chr03_13353972_13359151	0.122	4.70
RLG_singleton_family29_LTR_retrotransposon213_chr03_13393692_13401810	0.039	1.52
RLG_singleton_family30_LTR_retrotransposon219_chr03_13925404_13935852	0.067	2.58
RLG_singleton_family31_LTR_retrotransposon220_chr03_14119883_14124986	0.097	3.72
RLG_singleton_family32_LTR_retrotransposon248_chr04_5504428_5509889	0.008	0.32
RLG_singleton_family33_LTR_retrotransposon255_chr04_11089223_11094527	0.057	2.20
RLG_singleton_family34_LTR_retrotransposon256_chr04_11277068_11282273	0.067	2.57
RLG_singleton_family35_LTR_retrotransposon267_chr04_12350691_12351870	0.074	2.83
RLG_singleton_family36_LTR_retrotransposon269_chr04_12536093_12541479	0.063	2.41
RLG_singleton_family37_LTR_retrotransposon273_chr04_12782647_12787930	0.083	3.17
RLG_singleton_family38_LTR_retrotransposon274_chr04_12825493_12829886	0.097	3.72
RLG_singleton_family39_LTR_retrotransposon277_chr04_12964642_12972308	0.113	4.33
RLG_singleton_family40_LTR_retrotransposon313_chr05_7447319_7452489	0.050	1.93
RLG_singleton_family41_LTR_retrotransposon315_chr05_7722072_7732945	0.071	2.72
RLG_singleton_family42_LTR_retrotransposon316_chr05_7755953_7766456	0.161	6.21
RLG_singleton_family43_LTR_retrotransposon318_chr05_7813087_7818937	0.103	3.98
RLG_singleton_family44_LTR_retrotransposon319_chr05_7821907_7827213	0.053	2.03
RLG_singleton_family45_LTR_retrotransposon320_chr05_8030069_8041830	0.055	2.12
RLG_singleton_family46_LTR_retrotransposon323_chr05_8448041_8458852	0.049	1.90
RLG_singleton_family47_LTR_retrotransposon326_chr05_8984606_8990111	0.136	5.25
RLG_singleton_family48_LTR_retrotransposon341_chr06_1242375_1247388	0.067	2.57
RLG_singleton_family49_LTR_retrotransposon348_chr06_2017360_2020635	0.018	0.71
RLG_singleton_family50_LTR_retrotransposon362_chr06_2973939_2977334	0.038	1.47
RLG_singleton_family51_LTR_retrotransposon381_chr06_4327784_4331015	0.080	3.06
RLG_singleton_family52_LTR_retrotransposon384_chr06_4491453_4499626	0.084	3.25
RLG_singleton_family53_LTR_retrotransposon386_chr06_4544265_4558599	0.112	4.32
RLG_singleton_family54_LTR_retrotransposon408_chr06_5022199_5032698	0.008	0.30
RLG_singleton_family55_LTR_retrotransposon423_chr06_6289774_6298608	0.195	7.48
RLG_singleton_family56_LTR_retrotransposon468_chr06_11666135_11673895	0.030	1.16
RLG_singleton_family57_LTR_retrotransposon484_chr07_5883260_5888031	0.100	3.86
RLG_singleton_family58_LTR_retrotransposon486_chr07_5986835_5997929	0.047	1.82
RLG_singleton_family59_LTR_retrotransposon489_chr07_6050008_6059130	0.030	1.14
RLG_singleton_family60_LTR_retrotransposon494_chr07_6229385_6238708	0.048	1.83
RLG_singleton_family61_LTR_retrotransposon503_chr07_6424167_6432122	0.077	2.96
RLG_singleton_family62_LTR_retrotransposon508_chr07_6471242_6484711	0.040	1.53
RLG_singleton_family63_LTR_retrotransposon519_chr07_7429573_7433277	0.124	4.78
RLG_singleton_family64_LTR_retrotransposon521_chr07_7781641_7788966	0.070	2.68
RLG_singleton_family65_LTR_retrotransposon527_chr07_8786431_8791819	0.110	4.24
RLG_singleton_family66_LTR_retrotransposon528_chr07_8853284_8858718	0.107	4.12
RLG_singleton_family67_LTR_retrotransposon529_chr07_8988549_8995683	0.010	0.39
RLG_singleton_family68_LTR_retrotransposon541_chr08_490800_495965	0.050	1.91
RLG_singleton_family69_LTR_retrotransposon551_chr08_1815210_1820030	0.082	3.15
RLG_singleton_family70_LTR_retrotransposon554_chr08_2421421_2426913	0.029	1.13
RLG_singleton_family71_LTR_retrotransposon571_chr08_5446999_5452348	0.061	2.35
RLG_singleton_family72_LTR_retrotransposon572_chr08_5635271_5640706	0.031	1.19
RLG_singleton_family73_LTR_retrotransposon580_chr08_7497372_7502512	0.045	1.73
RLG_singleton_family74_LTR_retrotransposon581_chr08_7549455_7557004	0.146	5.61
RLG_singleton_family75_LTR_retrotransposon595_chr09_2229928_2234975	0.109	4.20
RLG_singleton_family76_LTR_retrotransposon598_chr09_2773732_2780353	0.131	5.05
RLG_singleton_family77_LTR_retrotransposon602_chr09_3040247_3045890	0.023	0.87
RLG_singleton_family78_LTR_retrotransposon609_chr09_3547806_3559141	0.154	5.91
RLG_singleton_family79_LTR_retrotransposon619_chr09_5207451_5212894	0.005	0.19
RLG_singleton_family80_LTR_retrotransposon632_chr10_1612266_1617474	0.154	5.92
RLG_singleton_family81_LTR_retrotransposon634_chr10_1804008_1809076	0.131	5.04
RLG_singleton_family82_LTR_retrotransposon639_chr10_2638158_2643420	0.071	2.75
RLG_singleton_family83_LTR_retrotransposon650_chr10_3872811_3878286	0.051	1.98
RLG_singleton_family84_LTR_retrotransposon652_chr10_3988527_3993831	0.042	1.62
RLG_singleton_family85_LTR_retrotransposon661_chr10_5060101_5074855	0.075	2.88
RLG_singleton_family86_LTR_retrotransposon662_chr10_5374262_5379556	0.036	1.40
RLG_singleton_family87_LTR_retrotransposon676_chr10_7072119_7077497	0.034	1.31
RLG_singleton_family88_LTR_retrotransposon704_chr11_4868734_4872128	0.042	1.61
RLG_singleton_family89_LTR_retrotransposon705_chr11_5459284_5472635	0.057	2.19
RLG_singleton_family90_LTR_retrotransposon709_chr11_6549063_6554236	0.089	3.43
RLG_singleton_family91_LTR_retrotransposon710_chr11_6611879_6615330	0.040	1.53
RLG_singleton_family92_LTR_retrotransposon713_chr11_6672975_6678979	0.095	3.67
RLG_singleton_family93_LTR_retrotransposon714_chr11_6679631_6694818	0.130	4.99
RLG_singleton_family94_LTR_retrotransposon717_chr11_7014367_7020575	0.136	5.23
RLG_singleton_family95_LTR_retrotransposon718_chr11_7056398_7062922	0.102	3.91
RLG_singleton_family96_LTR_retrotransposon722_chr11_7432531_7439667	0.099	3.80
RLG_singleton_family97_LTR_retrotransposon723_chr11_7519119_7524403	0.068	2.60
RLG_singleton_family98_LTR_retrotransposon727_chr11_7996468_8011342	0.038	1.45
RLG_singleton_family99_LTR_retrotransposon728_chr11_8446373_8448525	0.044	1.71
RLG_singleton_family100_LTR_retrotransposon763_chr13_4104662_4109993	0.038	1.47
RLG_singleton_family101_LTR_retrotransposon764_chr13_4704583_4710132	0.018	0.68
RLG_singleton_family102_LTR_retrotransposon769_chr13_5342181_5349538	0.124	4.77
RLG_singleton_family103_LTR_retrotransposon772_chr13_5489658_5494004	0.133	5.12
RLG_singleton_family104_LTR_retrotransposon773_chr13_5539638_5544810	0.137	5.28
RLG_singleton_family105_LTR_retrotransposon776_chr13_5752959_5763454	0.073	2.79
RLG_singleton_family106_LTR_retrotransposon794_chr14_142480_148059	0.066	2.55
RLG_singleton_family107_LTR_retrotransposon826_chr15_627852_633347	0.032	1.23
RLG_singleton_family108_LTR_retrotransposon828_chr15_982399_991910	0.137	5.28
RLG_singleton_family109_LTR_retrotransposon831_chr15_1348159_1358689	0.082	3.16
RLG_singleton_family110_LTR_retrotransposon836_chr15_1810586_1819443	0.083	3.21
RLG_singleton_family111_LTR_retrotransposon840_chr15_2173469_2178727	0.057	2.17
RLG_singleton_family112_LTR_retrotransposon845_chr15_3371488_3377378	0.033	1.27
RLG_singleton_family113_LTR_retrotransposon847_chr15_4178605_4189938	0.050	1.90
RLG_singleton_family114_LTR_retrotransposon864_chr15_8322728_8327228	0.099	3.81
RLG_singleton_family115_LTR_retrotransposon868_chr16_658691_663792	0.079	3.03
RLG_singleton_family116_LTR_retrotransposon871_chr16_1069664_1078059	0.075	2.89
RLG_singleton_family117_LTR_retrotransposon872_chr16_1195878_1203628	0.089	3.42
RLG_singleton_family118_LTR_retrotransposon875_chr16_1555288_1564380	0.108	4.17
RLG_singleton_family119_LTR_retrotransposon877_chr16_1665001_1667444	0.132	5.07
RLG_singleton_family120_LTR_retrotransposon882_chr16_2327541_2332567	0.044	1.70
RLG_singleton_family121_LTR_retrotransposon883_chr16_2334087_2339992	0.070	2.71
RLG_singleton_family122_LTR_retrotransposon909_chr17_1709655_1714443	0.064	2.45
RLG_singleton_family123_LTR_retrotransposon912_chr17_1923215_1928205	0.035	1.34
RLG_singleton_family124_LTR_retrotransposon919_chr17_2741717_2744443	0.089	3.43
RLG_singleton_family125_LTR_retrotransposon920_chr17_3193410_3200110	0.072	2.78
RLG_singleton_family126_LTR_retrotransposon930_chr18_691990_697116	0.149	5.72
RLG_singleton_family127_LTR_retrotransposon956_chr19_278888_284356	0.000	0.00
RLG_singleton_family128_LTR_retrotransposon960_chr19_1478552_1483709	0.103	3.97
RLG_singleton_family129_LTR_retrotransposon967_chr19_2632870_2644173	0.121	4.65
RLG_singleton_family130_LTR_retrotransposon969_chr19_2832216_2840588	0.058	2.23
RLG_singleton_family131_LTR_retrotransposon981_chr19_3845738_3856985	0.040	1.52
RLG_singleton_family132_LTR_retrotransposon1015_chr20_4544914_4553288	0.067	2.58
RLG_singleton_family133_LTR_retrotransposon1016_chr20_4597150_4602558	0.038	1.48
RLG_singleton_family134_LTR_retrotransposon1029_chr20_5930456_5935932	0.042	1.63
RLG_singleton_family135_LTR_retrotransposon1040_chr31_12257_19572	0.060	2.32
RLX_family0_LARD_retrotransposon1_chr01_6849508_6850543	0.108	4.17
RLX_family0_LARD_retrotransposon49_chr02_6454176_6455774	0.040	1.55
RLX_family0_LARD_retrotransposon88_chr02_12089300_12090973	0.035	1.33
RLX_family0_LARD_retrotransposon188_chr06_311579_312129	0.011	0.42
RLX_family0_LARD_retrotransposon214_chr06_4704177_4705472	0.186	7.17
RLX_family0_LARD_retrotransposon215_chr06_4706853_4707796	0.153	5.89
RLX_family0_LARD_retrotransposon216_chr06_4709349_4710644	0.186	7.17
RLX_family0_LARD_retrotransposon217_chr06_4711935_4713230	0.186	7.17
RLX_family0_LARD_retrotransposon220_chr06_4721833_4728551	0.001	0.04
RLX_family0_LARD_retrotransposon230_chr06_5383632_5397040	0.043	1.64
RLX_family0_LARD_retrotransposon299_chr07_10836348_10837910	0.047	1.80
RLX_family0_LARD_retrotransposon304_chr07_10965011_10965604	0.055	2.11
RLX_family0_LARD_retrotransposon557_chr19_7440111_7440927	0.000	0.00
RLX_family0_LARD_retrotransposon558_chr20_1265691_1271651	0.030	1.17
RLX_family0_LARD_retrotransposon564_chr20_3870037_3872984	0.040	1.52
RLX_family0_LTR_retrotransposon380_chr06_4127046_4142103	0.024	0.92
RLX_family0_LTR_retrotransposon390_chr06_4687098_4690838	0.054	2.08
RLX_family0_LTR_retrotransposon961_chr19_1493995_1501858	0.115	4.42
RLX_family0_LTR_retrotransposon968_chr19_2751768_2754867	0.092	3.52
RLX_family1_LARD_retrotransposon20_chr01_22376355_22378355	0.000	0.00
RLX_family1_LARD_retrotransposon135_chr03_16413274_16416627	0.004	0.16
RLX_family1_LARD_retrotransposon301_chr07_10957510_10960313	0.000	0.00
RLX_family1_LARD_retrotransposon303_chr07_10962177_10964806	0.000	0.00
RLX_family1_LARD_retrotransposon339_chr08_11559945_11562192	0.000	0.00
RLX_family1_LARD_retrotransposon405_chr11_1671042_1673360	0.034	1.29
RLX_family1_LARD_retrotransposon435_chr12_9119731_9122149	0.000	0.00
RLX_family1_LARD_retrotransposon437_chr12_9316902_9319754	0.000	0.00
RLX_family1_LARD_retrotransposon454_chr13_9247341_9251764	0.000	0.00
RLX_family1_LARD_retrotransposon455_chr14_1053_3490	0.000	0.00
RLX_family1_LARD_retrotransposon484_chr15_5103564_5105828	0.000	0.00
RLX_family1_LARD_retrotransposon502_chr16_5246072_5250740	0.000	0.00
RLX_family2_LARD_retrotransposon54_chr02_7875626_7876813	0.100	3.86
RLX_family2_LARD_retrotransposon58_chr02_7890664_7891437	0.065	2.51
RLX_family2_LARD_retrotransposon64_chr02_7935896_7937272	0.023	0.87
RLX_family2_LARD_retrotransposon69_chr02_7967716_7968681	0.036	1.39
RLX_family2_LARD_retrotransposon71_chr02_7981619_7982808	0.082	3.15
RLX_family2_LARD_retrotransposon74_chr02_7995959_7997337	0.048	1.86
RLX_family2_LARD_retrotransposon95_chr02_13411515_13413541	0.100	3.83
RLX_family2_LARD_retrotransposon420_chr12_416175_419280	0.022	0.86
RLX_family2_LTR_retrotransposon888_chr16_4248739_4257777	0.011	0.42
RLX_family3_LARD_retrotransposon16_chr01_21685266_21686820	0.057	2.17
RLX_family3_LARD_retrotransposon101_chr02_14241759_14242490	0.096	3.69
RLX_family3_LARD_retrotransposon174_chr05_1033817_1035174	0.019	0.73
RLX_family3_LARD_retrotransposon258_chr06_10893526_10896006	0.059	2.25
RLX_family3_LARD_retrotransposon298_chr07_9154515_9158858	0.061	2.36
RLX_family3_LARD_retrotransposon438_chr13_187200_190466	0.029	1.11
RLX_family3_LARD_retrotransposon531_chr18_2988014_2992671	0.021	0.80
RLX_family3_LTR_retrotransposon586_chr08_9562814_9576638	0.134	5.14
RLX_family4_LARD_retrotransposon391_chr10_9523034_9527475	0.106	4.08
RLX_family4_LARD_retrotransposon392_chr10_9541582_9547435	0.067	2.58
RLX_family4_LARD_retrotransposon395_chr10_9665866_9666684	0.039	1.49
RLX_family4_LARD_retrotransposon419_chr11_7409083_7409759	0.130	5.00
RLX_family4_LARD_retrotransposon470_chr15_968666_971685	0.092	3.55
RLX_family4_LTR_retrotransposon1017_chr20_4659054_4670627	0.099	3.81
RLX_family5_LTR_retrotransposon49_chr02_1447068_1452039	0.104	4.00
RLX_family5_LTR_retrotransposon832_chr15_1405281_1416830	0.065	2.50
RLX_family5_LTR_retrotransposon970_chr19_2934664_2940212	0.039	1.52
RLX_family5_LTR_retrotransposon972_chr19_3191809_3194081	0.029	1.12
RLX_family5_LTR_retrotransposon973_chr19_3194975_3196384	0.043	1.64
RLX_family5_LTR_retrotransposon1027_chr20_5707961_5722454	0.103	3.95
RLX_family6_LARD_retrotransposon35_chr02_2056166_2057346	0.089	3.41
RLX_family6_LARD_retrotransposon250_chr06_10482553_10485603	0.079	3.02
RLX_family6_LARD_retrotransposon252_chr06_10546923_10549311	0.069	2.66
RLX_family6_LARD_retrotransposon284_chr07_6329001_6331438	0.107	4.13
RLX_family6_LARD_retrotransposon338_chr08_11555958_11556461	0.014	0.55
RLX_family6_LARD_retrotransposon496_chr16_1787012_1787958	0.202	7.78
RLX_family7_LARD_retrotransposon32_chr02_607637_609886	0.120	4.60
RLX_family7_LARD_retrotransposon197_chr06_2352587_2353270	0.023	0.87
RLX_family7_LARD_retrotransposon486_chr15_5588804_5590650	0.087	3.36
RLX_family7_LARD_retrotransposon488_chr15_5723977_5725823	0.087	3.36
RLX_family7_LARD_retrotransposon489_chr15_5782274_5784134	0.087	3.36
RLX_family8_LARD_retrotransposon57_chr02_7886861_7887796	0.103	3.96
RLX_family8_LARD_retrotransposon60_chr02_7902245_7903189	0.072	2.79
RLX_family8_LARD_retrotransposon68_chr02_7953742_7964852	0.014	0.55
RLX_family8_LARD_retrotransposon72_chr02_7984714_7985695	0.047	1.82
RLX_family8_LARD_retrotransposon73_chr02_7991439_7992419	0.047	1.82
RLX_family9_LARD_retrotransposon152_chr04_11564254_11574405	0.029	1.11
RLX_family9_LARD_retrotransposon233_chr06_5946329_5956408	0.067	2.57
RLX_family9_LARD_retrotransposon317_chr08_4924446_4929271	0.002	0.08
RLX_family9_LARD_retrotransposon530_chr18_2604026_2604919	0.083	3.21
RLX_family9_LARD_retrotransposon569_chr20_5472886_5473521	0.153	5.90
RLX_family10_LARD_retrotransposon108_chr02_16884394_16885414	0.141	5.43
RLX_family10_LARD_retrotransposon161_chr04_14668271_14674248	0.022	0.85
RLX_family10_LARD_retrotransposon213_chr06_4695251_4696184	0.131	5.03
RLX_family10_LARD_retrotransposon221_chr06_4731310_4732544	0.082	3.15
RLX_family11_LARD_retrotransposon211_chr06_4569575_4571140	0.154	5.93
RLX_family11_LARD_retrotransposon285_chr07_6359274_6367958	0.077	2.97
RLX_family11_LARD_retrotransposon292_chr07_6534793_6535365	0.082	3.13
RLX_family11_LARD_retrotransposon563_chr20_3493795_3495575	0.089	3.43
RLX_family12_LARD_retrotransposon241_chr06_9835514_9839882	0.087	3.33
RLX_family12_LARD_retrotransposon412_chr11_5721559_5722801	0.015	0.58
RLX_family12_LARD_retrotransposon477_chr15_2540330_2542949	0.062	2.37
RLX_family13_LARD_retrotransposon99_chr02_13879355_13883855	0.070	2.70
RLX_family13_LTR_retrotransposon148_chr02_13852909_13857320	0.012	0.47
RLX_family13_LTR_retrotransposon293_chr04_15442581_15451879	0.020	0.78
RLX_family14_LARD_retrotransposon97_chr02_13644728_13650165	0.052	2.00
RLX_family14_LARD_retrotransposon98_chr02_13690943_13698822	0.048	1.85
RLX_family14_LARD_retrotransposon281_chr07_6084973_6087845	0.030	1.16
RLX_family15_LARD_retrotransposon61_chr02_7906884_7907653	0.084	3.22
RLX_family15_LARD_retrotransposon62_chr02_7912597_7913719	0.064	2.44
RLX_family15_LARD_retrotransposon67_chr02_7950459_7951453	0.056	2.17
RLX_family16_LTR_retrotransposon190_chr03_6280286_6292919	0.025	0.95
RLX_family16_LTR_retrotransposon192_chr03_6323601_6336221	0.031	1.20
RLX_family16_LTR_retrotransposon908_chr17_1621961_1626388	0.064	2.47
RLX_family17_LTR_retrotransposon158_chr02_14636059_14649300	0.018	0.71
RLX_family17_LTR_retrotransposon312_chr05_7419032_7429815	0.108	4.17
RLX_family17_LTR_retrotransposon606_chr09_3182882_3198127	0.085	3.26
RLX_family18_LARD_retrotransposon365_chr10_3267799_3268643	0.073	2.80
RLX_family18_LTR_retrotransposon879_chr16_1822395_1832386	0.067	2.56
RLX_family18_LTR_retrotransposon982_chr19_4006604_4015860	0.058	2.22
RLX_family19_LARD_retrotransposon104_chr02_14837397_14850489	0.001	0.04
RLX_family19_LARD_retrotransposon379_chr10_6009027_6022679	0.037	1.43
RLX_family19_LARD_retrotransposon382_chr10_6265487_6267457	0.011	0.41
RLX_family20_LARD_retrotransposon366_chr10_3635722_3638933	0.060	2.30
RLX_family20_LARD_retrotransposon493_chr16_965546_966349	0.142	5.47
RLX_family20_LARD_retrotransposon494_chr16_970299_971026	0.070	2.67
RLX_family21_LTR_retrotransposon217_chr03_13853284_13868070	0.118	4.54
RLX_family21_LTR_retrotransposon520_chr07_7748130_7759954	0.027	1.02
RLX_family21_LTR_retrotransposon784_chr13_6440415_6450858	0.069	2.66
RLX_family22_LARD_retrotransposon11_chr01_15721876_15724595	0.056	2.13
RLX_family22_LARD_retrotransposon102_chr02_14267149_14267912	0.123	4.72
RLX_family22_LTR_retrotransposon339_chr06_1018889_1024826	0.025	0.94
RLX_family23_LARD_retrotransposon257_chr06_10714377_10722071	0.049	1.89
RLX_family23_LARD_retrotransposon268_chr06_11618718_11623500	0.042	1.63
RLX_family23_LARD_retrotransposon374_chr10_4861646_4862589	0.065	2.50
RLX_family24_LARD_retrotransposon24_chr01_31256119_31258177	0.145	5.60
RLX_family24_LARD_retrotransposon334_chr08_7560030_7562597	0.069	2.64
RLX_family24_LARD_retrotransposon445_chr13_5407444_5409952	0.083	3.17
RLX_family25_LTR_retrotransposon613_chr09_4439755_4444819	0.150	5.77
RLX_family25_LTR_retrotransposon615_chr09_4619229_4624292	0.157	6.04
RLX_family25_LTR_retrotransposon980_chr19_3810182_3813992	0.175	6.74
RLX_family26_LARD_retrotransposon255_chr06_10640850_10645169	0.047	1.82
RLX_family26_LARD_retrotransposon287_chr07_6435918_6437444	0.092	3.54
RLX_family26_LARD_retrotransposon535_chr18_4353729_4356624	0.071	2.73
RLX_family27_LARD_retrotransposon179_chr05_3236874_3239322	0.079	3.04
RLX_family27_LTR_retrotransposon903_chr17_1310934_1319177	0.101	3.88
RLX_family27_LTR_retrotransposon1022_chr20_5340266_5346394	0.116	4.45
RLX_family28_LARD_retrotransposon55_chr02_7878710_7879729	0.072	2.79
RLX_family28_LARD_retrotransposon63_chr02_7931575_7932581	0.096	3.68
RLX_family28_LARD_retrotransposon66_chr02_7945755_7946737	0.087	3.35
RLX_family29_LARD_retrotransposon140_chr03_16597013_16597564	0.023	0.88
RLX_family29_LARD_retrotransposon487_chr15_5707438_5708573	0.108	4.15
RLX_family29_LARD_retrotransposon491_chr15_5853539_5854673	0.103	3.95
RLX_family30_LARD_retrotransposon246_chr06_10258660_10267620	0.038	1.46
RLX_family30_LARD_retrotransposon261_chr06_11214728_11219148	0.071	2.73
RLX_family30_LARD_retrotransposon263_chr06_11327170_11331588	0.074	2.83
RLX_family31_LARD_retrotransposon183_chr05_8047648_8051321	0.108	4.17
RLX_family31_LARD_retrotransposon198_chr06_2662736_2664432	0.135	5.18
RLX_family31_LARD_retrotransposon473_chr15_1540560_1542276	0.147	5.64
RLX_family32_LARD_retrotransposon234_chr06_6173071_6187104	0.158	6.06
RLX_family32_LARD_retrotransposon288_chr07_6442030_6443447	0.182	7.00
RLX_family33_LARD_retrotransposon117_chr03_3614701_3615740	0.040	1.53
RLX_family33_LARD_retrotransposon413_chr11_6623101_6624782	0.030	1.15
RLX_family34_LARD_retrotransposon297_chr07_8726528_8728771	0.036	1.39
RLX_family34_LTR_retrotransposon416_chr06_5622556_5628403	0.080	3.08
RLX_family35_LARD_retrotransposon186_chr05_11584101_11584630	0.111	4.28
RLX_family35_LARD_retrotransposon187_chr05_11589204_11589637	0.009	0.33
RLX_family36_LARD_retrotransposon411_chr11_4733686_4747032	0.038	1.47
RLX_family36_LARD_retrotransposon512_chr17_1579986_1580541	0.020	0.78
RLX_family37_LARD_retrotransposon56_chr02_7884713_7885744	0.092	3.54
RLX_family37_LARD_retrotransposon59_chr02_7900097_7901128	0.092	3.54
RLX_family38_LARD_retrotransposon294_chr07_7887450_7892022	0.078	3.02
RLX_family38_LARD_retrotransposon418_chr11_7271668_7272310	0.035	1.33
RLX_family39_LARD_retrotransposon129_chr03_14224572_14226381	0.162	6.23
RLX_family39_LTR_retrotransposon977_chr19_3488855_3491615	0.082	3.15
RLX_family40_LTR_retrotransposon127_chr02_12141210_12154199	0.019	0.74
RLX_family40_LTR_retrotransposon513_chr07_6715328_6720643	0.095	3.65
RLX_family41_LARD_retrotransposon248_chr06_10356571_10363941	0.024	0.90
RLX_family41_LARD_retrotransposon249_chr06_10427662_10435032	0.024	0.90
RLX_family42_LTR_retrotransposon72_chr02_3993209_4000477	0.079	3.03
RLX_family42_LTR_retrotransposon283_chr04_13634590_13639590	0.052	2.02
RLX_family43_LARD_retrotransposon202_chr06_3323895_3328970	0.064	2.44
RLX_family43_LARD_retrotransposon271_chr07_785761_788521	0.088	3.40
RLX_family44_LARD_retrotransposon480_chr15_4208232_4218568	0.032	1.24
RLX_family44_LTR_retrotransposon600_chr09_3002216_3010336	0.093	3.57
RLX_family45_LARD_retrotransposon196_chr06_2330911_2332796	0.042	1.60
RLX_family45_LARD_retrotransposon363_chr10_2341672_2353276	0.071	2.75
RLX_family46_LARD_retrotransposon467_chr14_4526720_4529618	0.063	2.43
RLX_family46_LARD_retrotransposon498_chr16_3048938_3052274	0.078	3.02
RLX_family47_LARD_retrotransposon416_chr11_6960261_6963240	0.104	3.98
RLX_family47_LTR_retrotransposon631_chr10_1237900_1239277	0.089	3.43
RLX_family48_LARD_retrotransposon204_chr06_3458363_3461470	0.075	2.89
RLX_family48_LARD_retrotransposon205_chr06_3513067_3517786	0.106	4.08
RLX_family49_LARD_retrotransposon189_chr06_484781_486076	0.051	1.98
RLX_family49_LARD_retrotransposon458_chr14_1421471_1428474	0.031	1.20
RLX_family50_LARD_retrotransposon396_chr10_9682327_9695369	0.032	1.22
RLX_family50_LARD_retrotransposon398_chr10_9766680_9769282	0.001	0.05
RLX_family51_LARD_retrotransposon385_chr10_7573929_7583175	0.013	0.52
RLX_family51_LARD_retrotransposon386_chr10_7695423_7700255	0.013	0.48
RLX_family52_LARD_retrotransposon542_chr19_1610348_1612607	0.042	1.63
RLX_family52_LTR_retrotransposon515_chr07_7039438_7054385	0.023	0.87
RLX_family53_LARD_retrotransposon389_chr10_8398340_8408405	0.071	2.72
RLX_family53_LARD_retrotransposon390_chr10_8409417_8418570	0.062	2.37
RLX_family54_LARD_retrotransposon14_chr01_19815250_19823108	0.043	1.64
RLX_family54_LARD_retrotransposon15_chr01_19863431_19871285	0.055	2.12
RLX_family55_LARD_retrotransposon318_chr08_4931742_4933745	0.016	0.61
RLX_family55_LARD_retrotransposon319_chr08_4955730_4957952	0.014	0.55
RLX_family56_LARD_retrotransposon100_chr02_14134777_14136637	0.005	0.18
RLX_family56_LARD_retrotransposon203_chr06_3397496_3398454	0.112	4.30
RLX_singleton_family0_LARD_retrotransposon2_chr01_5161079_5164922	0.027	1.05
RLX_singleton_family1_LARD_retrotransposon3_chr01_6496392_6507442	0.034	1.29
RLX_singleton_family2_LARD_retrotransposon4_chr01_580502_581179	0.058	2.24
RLX_singleton_family3_LARD_retrotransposon5_chr01_7123905_7125063	0.096	3.68
RLX_singleton_family4_LARD_retrotransposon6_chr01_207719_214116	0.008	0.32
RLX_singleton_family5_LARD_retrotransposon7_chr01_53508_67965	0.009	0.37
RLX_singleton_family6_LARD_retrotransposon8_chr01_10734427_10738087	0.146	5.62
RLX_singleton_family7_LARD_retrotransposon9_chr01_11927704_11933259	0.037	1.43
RLX_singleton_family8_LARD_retrotransposon10_chr01_15621291_15629198	0.012	0.48
RLX_singleton_family9_LARD_retrotransposon12_chr01_15779497_15782033	0.094	3.60
RLX_singleton_family10_LARD_retrotransposon13_chr01_17952158_17953996	0.116	4.46
RLX_singleton_family11_LARD_retrotransposon17_chr01_21697980_21699234	0.109	4.21
RLX_singleton_family12_LARD_retrotransposon18_chr01_21697980_21699234	0.109	4.21
RLX_singleton_family13_LARD_retrotransposon19_chr01_22375280_22376296	0.017	0.65
RLX_singleton_family14_LARD_retrotransposon21_chr01_22395797_22396700	0.000	0.00
RLX_singleton_family15_LARD_retrotransposon22_chr01_30552687_30554697	0.113	4.33
RLX_singleton_family16_LARD_retrotransposon23_chr01_31171098_31177782	0.115	4.41
RLX_singleton_family17_LARD_retrotransposon25_chr01_31356884_31357999	0.095	3.65
RLX_singleton_family18_LARD_retrotransposon26_chr01_32088382_32091638	0.116	4.46
RLX_singleton_family19_LARD_retrotransposon27_chr01_33837380_33838788	0.071	2.75
RLX_singleton_family20_LARD_retrotransposon28_chr02_1610_3310	0.000	0.00
RLX_singleton_family21_LARD_retrotransposon29_chr02_3578_4721	0.017	0.64
RLX_singleton_family22_LARD_retrotransposon30_chr02_46471_51026	0.030	1.14
RLX_singleton_family23_LARD_retrotransposon31_chr02_594269_594651	0.090	3.45
RLX_singleton_family24_LARD_retrotransposon33_chr02_1279516_1283460	0.039	1.51
RLX_singleton_family25_LARD_retrotransposon34_chr02_1951861_1954895	0.071	2.73
RLX_singleton_family26_LARD_retrotransposon36_chr02_2551800_2558412	0.106	4.06
RLX_singleton_family27_LARD_retrotransposon37_chr02_2855873_2858477	0.060	2.30
RLX_singleton_family28_LARD_retrotransposon38_chr02_3227000_3238863	0.023	0.87
RLX_singleton_family29_LARD_retrotransposon39_chr02_3343660_3344094	0.000	0.00
RLX_singleton_family30_LARD_retrotransposon40_chr02_3481304_3482047	0.126	4.86
RLX_singleton_family31_LARD_retrotransposon41_chr02_3888344_3893356	0.098	3.76
RLX_singleton_family32_LARD_retrotransposon42_chr02_3979787_3981797	0.112	4.30
RLX_singleton_family33_LARD_retrotransposon43_chr02_4370438_4373311	0.060	2.29
RLX_singleton_family34_LARD_retrotransposon44_chr02_4730348_4730796	0.051	1.97
RLX_singleton_family35_LARD_retrotransposon45_chr02_4926757_4933866	0.017	0.66
RLX_singleton_family36_LARD_retrotransposon46_chr02_4937281_4937661	0.028	1.08
RLX_singleton_family37_LARD_retrotransposon47_chr02_4954466_4958524	0.007	0.28
RLX_singleton_family38_LARD_retrotransposon48_chr02_5599961_5604438	0.072	2.79
RLX_singleton_family39_LARD_retrotransposon50_chr02_6569674_6576651	0.030	1.15
RLX_singleton_family40_LARD_retrotransposon51_chr02_7174930_7175396	0.007	0.28
RLX_singleton_family41_LARD_retrotransposon52_chr02_7406284_7413351	0.028	1.08
RLX_singleton_family42_LARD_retrotransposon53_chr02_7556016_7559788	0.034	1.29
RLX_singleton_family43_LARD_retrotransposon65_chr02_7943112_7943705	0.037	1.43
RLX_singleton_family44_LARD_retrotransposon70_chr02_7975283_7975948	0.063	2.43
RLX_singleton_family45_LARD_retrotransposon75_chr02_8057535_8058630	0.117	4.49
RLX_singleton_family46_LARD_retrotransposon76_chr02_8059694_8061529	0.056	2.15
RLX_singleton_family47_LARD_retrotransposon77_chr02_8146954_8148511	0.057	2.20
RLX_singleton_family48_LARD_retrotransposon78_chr02_8165679_8166498	0.043	1.65
RLX_singleton_family49_LARD_retrotransposon79_chr02_8758310_8762144	0.049	1.88
RLX_singleton_family50_LARD_retrotransposon80_chr02_9305579_9314254	0.011	0.41
RLX_singleton_family51_LARD_retrotransposon81_chr02_9929136_9931931	0.073	2.81
RLX_singleton_family52_LARD_retrotransposon82_chr02_10184135_10186046	0.112	4.31
RLX_singleton_family53_LARD_retrotransposon83_chr02_10487709_10494444	0.042	1.60
RLX_singleton_family54_LARD_retrotransposon84_chr02_10512260_10514602	0.091	3.51
RLX_singleton_family55_LARD_retrotransposon85_chr02_10767512_10776282	0.029	1.11
RLX_singleton_family56_LARD_retrotransposon86_chr02_11204343_11205483	0.105	4.03
RLX_singleton_family57_LARD_retrotransposon87_chr02_11238710_11239943	0.054	2.08
RLX_singleton_family58_LARD_retrotransposon89_chr02_12316840_12320764	0.071	2.73
RLX_singleton_family59_LARD_retrotransposon90_chr02_12338067_12343779	0.031	1.18
RLX_singleton_family60_LARD_retrotransposon91_chr02_12878949_12881012	0.016	0.63
RLX_singleton_family61_LARD_retrotransposon92_chr02_12944383_12946149	0.071	2.74
RLX_singleton_family62_LARD_retrotransposon93_chr02_13357766_13359358	0.143	5.50
RLX_singleton_family63_LARD_retrotransposon94_chr02_13360020_13362302	0.132	5.07
RLX_singleton_family64_LARD_retrotransposon96_chr02_13468826_13469236	0.036	1.40
RLX_singleton_family65_LARD_retrotransposon103_chr02_14760616_14761664	0.067	2.59
RLX_singleton_family66_LARD_retrotransposon105_chr02_14988672_15001892	0.014	0.55
RLX_singleton_family67_LARD_retrotransposon106_chr02_15669197_15672701	0.054	2.07
RLX_singleton_family68_LARD_retrotransposon107_chr02_16091736_16093521	0.069	2.66
RLX_singleton_family69_LARD_retrotransposon109_chr02_16895352_16897880	0.000	0.00
RLX_singleton_family70_LARD_retrotransposon110_chr03_301153_301860	0.057	2.20
RLX_singleton_family71_LARD_retrotransposon111_chr03_564835_567786	0.084	3.22
RLX_singleton_family72_LARD_retrotransposon112_chr03_1321324_1321952	0.133	5.10
RLX_singleton_family73_LARD_retrotransposon113_chr03_1543082_1543581	0.087	3.35
RLX_singleton_family74_LARD_retrotransposon114_chr03_2181864_2183299	0.067	2.56
RLX_singleton_family75_LARD_retrotransposon115_chr03_3019566_3023223	0.078	3.00
RLX_singleton_family76_LARD_retrotransposon116_chr03_3530131_3536020	0.044	1.69
RLX_singleton_family77_LARD_retrotransposon118_chr03_4229325_4243523	0.038	1.47
RLX_singleton_family78_LARD_retrotransposon119_chr03_5806539_5807012	0.026	1.01
RLX_singleton_family79_LARD_retrotransposon120_chr03_6507214_6509449	0.086	3.30
RLX_singleton_family80_LARD_retrotransposon121_chr03_7711467_7713690	0.041	1.57
RLX_singleton_family81_LARD_retrotransposon122_chr03_9692125_9701892	0.021	0.80
RLX_singleton_family82_LARD_retrotransposon123_chr03_12826182_12828143	0.113	4.35
RLX_singleton_family83_LARD_retrotransposon124_chr03_12881056_12886152	0.111	4.28
RLX_singleton_family84_LARD_retrotransposon125_chr03_13548380_13550473	0.123	4.72
RLX_singleton_family85_LARD_retrotransposon126_chr03_13603704_13612824	0.040	1.55
RLX_singleton_family86_LARD_retrotransposon127_chr03_13877824_13880241	0.043	1.63
RLX_singleton_family87_LARD_retrotransposon128_chr03_14195304_14196049	0.008	0.32
RLX_singleton_family88_LARD_retrotransposon130_chr03_14414391_14415157	0.066	2.53
RLX_singleton_family89_LARD_retrotransposon131_chr03_14501555_14504278	0.086	3.30
RLX_singleton_family90_LARD_retrotransposon132_chr03_15342139_15345645	0.094	3.62
RLX_singleton_family91_LARD_retrotransposon133_chr03_16389337_16390039	0.058	2.21
RLX_singleton_family92_LARD_retrotransposon134_chr03_16412357_16412829	0.013	0.49
RLX_singleton_family93_LARD_retrotransposon136_chr03_16468148_16481452	0.026	1.01
RLX_singleton_family94_LARD_retrotransposon137_chr03_16488059_16490593	0.000	0.00
RLX_singleton_family95_LARD_retrotransposon138_chr03_16523582_16525158	0.027	1.05
RLX_singleton_family96_LARD_retrotransposon139_chr03_16587297_16594936	0.007	0.27
RLX_singleton_family97_LARD_retrotransposon141_chr03_16600390_16610448	0.000	0.00
RLX_singleton_family98_LARD_retrotransposon142_chr04_236991_238209	0.081	3.13
RLX_singleton_family99_LARD_retrotransposon143_chr04_449702_450652	0.132	5.08
RLX_singleton_family100_LARD_retrotransposon144_chr04_1608042_1608408	0.128	4.93
RLX_singleton_family101_LARD_retrotransposon145_chr04_5270165_5271798	0.025	0.95
RLX_singleton_family102_LARD_retrotransposon146_chr04_5296555_5297921	0.029	1.10
RLX_singleton_family103_LARD_retrotransposon147_chr04_5596873_5597757	0.034	1.31
RLX_singleton_family104_LARD_retrotransposon148_chr04_5613150_5615023	0.047	1.80
RLX_singleton_family105_LARD_retrotransposon149_chr04_5942282_5943342	0.155	5.97
RLX_singleton_family106_LARD_retrotransposon150_chr04_10384898_10394998	0.025	0.96
RLX_singleton_family107_LARD_retrotransposon151_chr04_11563805_11564248	0.055	2.10
RLX_singleton_family108_LARD_retrotransposon153_chr04_11581281_11581940	0.084	3.23
RLX_singleton_family109_LARD_retrotransposon154_chr04_11588879_11591057	0.075	2.87
RLX_singleton_family110_LARD_retrotransposon155_chr04_12284937_12285754	0.183	7.05
RLX_singleton_family111_LARD_retrotransposon156_chr04_12347381_12348890	0.089	3.44
RLX_singleton_family112_LARD_retrotransposon157_chr04_12643960_12656563	0.115	4.42
RLX_singleton_family113_LARD_retrotransposon158_chr04_13040417_13042358	0.058	2.23
RLX_singleton_family114_LARD_retrotransposon159_chr04_13114866_13116193	0.117	4.50
RLX_singleton_family115_LARD_retrotransposon160_chr04_13254489_13264429	0.041	1.58
RLX_singleton_family116_LARD_retrotransposon162_chr04_14707246_14711022	0.030	1.17
RLX_singleton_family117_LARD_retrotransposon163_chr04_14810463_14811558	0.147	5.66
RLX_singleton_family118_LARD_retrotransposon164_chr04_14923024_14924357	0.073	2.82
RLX_singleton_family119_LARD_retrotransposon165_chr04_14924855_14928935	0.035	1.33
RLX_singleton_family120_LARD_retrotransposon166_chr04_14941462_14942175	0.097	3.74
RLX_singleton_family121_LARD_retrotransposon167_chr04_15310327_15315386	0.015	0.56
RLX_singleton_family122_LARD_retrotransposon168_chr04_15454032_15455341	0.073	2.80
RLX_singleton_family123_LARD_retrotransposon169_chr04_15518319_15522226	0.053	2.05
RLX_singleton_family124_LARD_retrotransposon170_chr04_15615665_15617485	0.058	2.22
RLX_singleton_family125_LARD_retrotransposon171_chr04_15747914_15749312	0.064	2.45
RLX_singleton_family126_LARD_retrotransposon172_chr04_15788375_15792755	0.020	0.76
RLX_singleton_family127_LARD_retrotransposon173_chr05_911564_911929	0.042	1.60
RLX_singleton_family128_LARD_retrotransposon175_chr05_1440165_1444606	0.034	1.30
RLX_singleton_family129_LARD_retrotransposon176_chr05_1950447_1951288	0.150	5.78
RLX_singleton_family130_LARD_retrotransposon177_chr05_2545370_2547907	0.041	1.57
RLX_singleton_family131_LARD_retrotransposon178_chr05_2547918_2549169	0.100	3.83
RLX_singleton_family132_LARD_retrotransposon180_chr05_3241903_3242919	0.056	2.16
RLX_singleton_family133_LARD_retrotransposon181_chr05_3351018_3354081	0.040	1.54
RLX_singleton_family134_LARD_retrotransposon182_chr05_7255087_7258311	0.043	1.64
RLX_singleton_family135_LARD_retrotransposon184_chr05_8468010_8469545	0.069	2.65
RLX_singleton_family136_LARD_retrotransposon185_chr05_11580015_11581425	0.020	0.75
RLX_singleton_family137_LARD_retrotransposon190_chr06_892170_893185	0.084	3.24
RLX_singleton_family138_LARD_retrotransposon191_chr06_963382_966199	0.099	3.81
RLX_singleton_family139_LARD_retrotransposon192_chr06_1467726_1470790	0.097	3.73
RLX_singleton_family140_LARD_retrotransposon193_chr06_2131278_2139603	0.028	1.08
RLX_singleton_family141_LARD_retrotransposon194_chr06_2201433_2202668	0.072	2.78
RLX_singleton_family142_LARD_retrotransposon195_chr06_2281827_2285794	0.064	2.44
RLX_singleton_family143_LARD_retrotransposon199_chr06_2738885_2742423	0.002	0.08
RLX_singleton_family144_LARD_retrotransposon200_chr06_2911803_2912242	0.043	1.65
RLX_singleton_family145_LARD_retrotransposon201_chr06_3112891_3114246	0.073	2.81
RLX_singleton_family146_LARD_retrotransposon206_chr06_3667397_3669003	0.125	4.82
RLX_singleton_family147_LARD_retrotransposon207_chr06_3742630_3745056	0.102	3.91
RLX_singleton_family148_LARD_retrotransposon208_chr06_3787097_3795125	0.019	0.74
RLX_singleton_family149_LARD_retrotransposon209_chr06_3838437_3840888	0.063	2.43
RLX_singleton_family150_LARD_retrotransposon210_chr06_4107530_4111374	0.066	2.54
RLX_singleton_family151_LARD_retrotransposon212_chr06_4691760_4692736	0.155	5.97
RLX_singleton_family152_LARD_retrotransposon218_chr06_4714429_4715728	0.137	5.28
RLX_singleton_family153_LARD_retrotransposon219_chr06_4719582_4720668	0.061	2.35
RLX_singleton_family154_LARD_retrotransposon222_chr06_4786534_4787894	0.049	1.87
RLX_singleton_family155_LARD_retrotransposon223_chr06_4861850_4869624	0.019	0.73
RLX_singleton_family156_LARD_retrotransposon224_chr06_4911108_4922086	0.015	0.58
RLX_singleton_family157_LARD_retrotransposon225_chr06_4993007_4994106	0.096	3.68
RLX_singleton_family158_LARD_retrotransposon226_chr06_5013479_5014643	0.006	0.23
RLX_singleton_family159_LARD_retrotransposon227_chr06_5064255_5068838	0.011	0.42
RLX_singleton_family160_LARD_retrotransposon228_chr06_5076183_5077403	0.083	3.20
RLX_singleton_family161_LARD_retrotransposon229_chr06_5312811_5325128	0.034	1.30
RLX_singleton_family162_LARD_retrotransposon231_chr06_5419976_5421042	0.152	5.85
RLX_singleton_family163_LARD_retrotransposon232_chr06_5461033_5461675	0.122	4.70
RLX_singleton_family164_LARD_retrotransposon235_chr06_6269360_6271918	0.070	2.70
RLX_singleton_family165_LARD_retrotransposon236_chr06_7250019_7251340	0.171	6.56
RLX_singleton_family166_LARD_retrotransposon237_chr06_7753579_7757070	0.013	0.50
RLX_singleton_family167_LARD_retrotransposon238_chr06_9412240_9419944	0.071	2.74
RLX_singleton_family168_LARD_retrotransposon239_chr06_9604701_9605076	0.000	0.00
RLX_singleton_family169_LARD_retrotransposon240_chr06_9727084_9730803	0.106	4.10
RLX_singleton_family170_LARD_retrotransposon242_chr06_10039980_10043729	0.007	0.26
RLX_singleton_family171_LARD_retrotransposon243_chr06_10126364_10128317	0.099	3.79
RLX_singleton_family172_LARD_retrotransposon244_chr06_10136140_10139389	0.086	3.31
RLX_singleton_family173_LARD_retrotransposon245_chr06_10144263_10152782	0.025	0.97
RLX_singleton_family174_LARD_retrotransposon247_chr06_10305877_10316532	0.039	1.48
RLX_singleton_family175_LARD_retrotransposon251_chr06_10540530_10544003	0.073	2.80
RLX_singleton_family176_LARD_retrotransposon253_chr06_10577210_10583496	0.024	0.92
RLX_singleton_family177_LARD_retrotransposon254_chr06_10608728_10612978	0.023	0.89
RLX_singleton_family178_LARD_retrotransposon256_chr06_10680796_10684897	0.071	2.72
RLX_singleton_family179_LARD_retrotransposon259_chr06_11087956_11090084	0.137	5.28
RLX_singleton_family180_LARD_retrotransposon260_chr06_11119281_11131605	0.028	1.09
RLX_singleton_family181_LARD_retrotransposon262_chr06_11246885_11250345	0.027	1.03
RLX_singleton_family182_LARD_retrotransposon264_chr06_11444927_11456316	0.044	1.71
RLX_singleton_family183_LARD_retrotransposon265_chr06_11478013_11480747	0.063	2.43
RLX_singleton_family184_LARD_retrotransposon266_chr06_11526950_11528965	0.062	2.38
RLX_singleton_family185_LARD_retrotransposon267_chr06_11584865_11588575	0.033	1.28
RLX_singleton_family186_LARD_retrotransposon269_chr06_11749132_11753370	0.064	2.46
RLX_singleton_family187_LARD_retrotransposon270_chr06_11781874_11786106	0.061	2.36
RLX_singleton_family188_LARD_retrotransposon272_chr07_2740922_2741346	0.052	2.00
RLX_singleton_family189_LARD_retrotransposon273_chr07_2892896_2894600	0.015	0.60
RLX_singleton_family190_LARD_retrotransposon274_chr07_3849956_3863793	0.063	2.43
RLX_singleton_family191_LARD_retrotransposon275_chr07_4773892_4776589	0.069	2.63
RLX_singleton_family192_LARD_retrotransposon276_chr07_5515380_5516557	0.062	2.38
RLX_singleton_family193_LARD_retrotransposon277_chr07_5834619_5839056	0.060	2.33
RLX_singleton_family194_LARD_retrotransposon278_chr07_6023944_6024412	0.123	4.72
RLX_singleton_family195_LARD_retrotransposon279_chr07_6029479_6037395	0.031	1.20
RLX_singleton_family196_LARD_retrotransposon280_chr07_6081999_6083834	0.057	2.21
RLX_singleton_family197_LARD_retrotransposon282_chr07_6246720_6247263	0.126	4.86
RLX_singleton_family198_LARD_retrotransposon283_chr07_6322489_6324624	0.034	1.32
RLX_singleton_family199_LARD_retrotransposon286_chr07_6400484_6408490	0.143	5.51
RLX_singleton_family200_LARD_retrotransposon289_chr07_6443536_6446454	0.140	5.39
RLX_singleton_family201_LARD_retrotransposon290_chr07_6459889_6466793	0.024	0.93
RLX_singleton_family202_LARD_retrotransposon291_chr07_6516676_6518010	0.178	6.86
RLX_singleton_family203_LARD_retrotransposon293_chr07_6771427_6776711	0.022	0.83
RLX_singleton_family204_LARD_retrotransposon295_chr07_8177696_8182242	0.043	1.63
RLX_singleton_family205_LARD_retrotransposon296_chr07_8288445_8291844	0.038	1.47
RLX_singleton_family206_LARD_retrotransposon300_chr07_10955928_10957319	0.000	0.00
RLX_singleton_family207_LARD_retrotransposon302_chr07_10960332_10961007	0.000	0.00
RLX_singleton_family208_LARD_retrotransposon305_chr08_157302_160901	0.128	4.92
RLX_singleton_family209_LARD_retrotransposon306_chr08_183656_189292	0.061	2.34
RLX_singleton_family210_LARD_retrotransposon307_chr08_625840_630832	0.055	2.11
RLX_singleton_family211_LARD_retrotransposon308_chr08_1423681_1427596	0.090	3.48
RLX_singleton_family212_LARD_retrotransposon309_chr08_1464758_1471338	0.071	2.73
RLX_singleton_family213_LARD_retrotransposon310_chr08_1522881_1526986	0.059	2.25
RLX_singleton_family214_LARD_retrotransposon311_chr08_1551663_1554923	0.007	0.26
RLX_singleton_family215_LARD_retrotransposon312_chr08_1706705_1709847	0.058	2.23
RLX_singleton_family216_LARD_retrotransposon313_chr08_1760825_1765395	0.035	1.36
RLX_singleton_family217_LARD_retrotransposon314_chr08_2144938_2148135	0.026	0.98
RLX_singleton_family218_LARD_retrotransposon315_chr08_2240319_2244143	0.006	0.23
RLX_singleton_family219_LARD_retrotransposon316_chr08_3802728_3806764	0.068	2.62
RLX_singleton_family220_LARD_retrotransposon320_chr08_4960216_4960929	0.104	4.01
RLX_singleton_family221_LARD_retrotransposon321_chr08_4983081_4984306	0.045	1.74
RLX_singleton_family222_LARD_retrotransposon322_chr08_4998317_4999483	0.137	5.25
RLX_singleton_family223_LARD_retrotransposon323_chr08_5003237_5004087	0.083	3.19
RLX_singleton_family224_LARD_retrotransposon324_chr08_5006368_5007281	0.026	0.99
RLX_singleton_family225_LARD_retrotransposon325_chr08_5010335_5011670	0.063	2.43
RLX_singleton_family226_LARD_retrotransposon326_chr08_5014380_5015781	0.021	0.82
RLX_singleton_family227_LARD_retrotransposon327_chr08_5018684_5032297	0.018	0.69
RLX_singleton_family228_LARD_retrotransposon328_chr08_5440377_5441018	0.069	2.65
RLX_singleton_family229_LARD_retrotransposon329_chr08_6141833_6144282	0.078	3.01
RLX_singleton_family230_LARD_retrotransposon330_chr08_6568714_6576305	0.002	0.08
RLX_singleton_family231_LARD_retrotransposon331_chr08_6972609_6975224	0.090	3.47
RLX_singleton_family232_LARD_retrotransposon332_chr08_7167951_7170393	0.129	4.97
RLX_singleton_family233_LARD_retrotransposon333_chr08_7236543_7239158	0.090	3.47
RLX_singleton_family234_LARD_retrotransposon335_chr08_9099699_9112642	0.009	0.37
RLX_singleton_family235_LARD_retrotransposon336_chr08_9150272_9154260	0.058	2.22
RLX_singleton_family236_LARD_retrotransposon337_chr08_9479606_9484108	0.048	1.86
RLX_singleton_family237_LARD_retrotransposon340_chr09_11_2739	0.000	0.00
RLX_singleton_family238_LARD_retrotransposon341_chr09_3318_5110	0.000	0.00
RLX_singleton_family239_LARD_retrotransposon342_chr09_669479_669889	0.055	2.11
RLX_singleton_family240_LARD_retrotransposon343_chr09_1241679_1243427	0.028	1.06
RLX_singleton_family241_LARD_retrotransposon344_chr09_2432620_2437070	0.045	1.73
RLX_singleton_family242_LARD_retrotransposon345_chr09_3058829_3065582	0.097	3.71
RLX_singleton_family243_LARD_retrotransposon346_chr09_3119468_3123576	0.039	1.50
RLX_singleton_family244_LARD_retrotransposon347_chr09_3418309_3420208	0.189	7.26
RLX_singleton_family245_LARD_retrotransposon348_chr09_3531848_3533985	0.054	2.10
RLX_singleton_family246_LARD_retrotransposon349_chr09_4713765_4716680	0.034	1.31
RLX_singleton_family247_LARD_retrotransposon350_chr09_5223861_5228851	0.026	1.00
RLX_singleton_family248_LARD_retrotransposon351_chr09_5523103_5525757	0.098	3.75
RLX_singleton_family249_LARD_retrotransposon352_chr09_6876941_6884653	0.027	1.02
RLX_singleton_family250_LARD_retrotransposon353_chr09_7239132_7244051	0.067	2.58
RLX_singleton_family251_LARD_retrotransposon354_chr09_7323392_7325066	0.110	4.25
RLX_singleton_family252_LARD_retrotransposon355_chr09_9539782_9541365	0.060	2.31
RLX_singleton_family253_LARD_retrotransposon356_chr09_9750321_9751295	0.123	4.72
RLX_singleton_family254_LARD_retrotransposon357_chr09_10116219_10121223	0.005	0.21
RLX_singleton_family255_LARD_retrotransposon358_chr09_10173265_10181043	0.143	5.51
RLX_singleton_family256_LARD_retrotransposon359_chr10_174484_176413	0.095	3.65
RLX_singleton_family257_LARD_retrotransposon360_chr10_644552_650085	0.035	1.36
RLX_singleton_family258_LARD_retrotransposon361_chr10_1769980_1774134	0.061	2.35
RLX_singleton_family259_LARD_retrotransposon362_chr10_2208179_2212263	0.046	1.77
RLX_singleton_family260_LARD_retrotransposon364_chr10_2447339_2449877	0.105	4.04
RLX_singleton_family261_LARD_retrotransposon367_chr10_3660897_3663221	0.121	4.65
RLX_singleton_family262_LARD_retrotransposon368_chr10_3665355_3667734	0.018	0.69
RLX_singleton_family263_LARD_retrotransposon369_chr10_3793262_3796371	0.000	0.00
RLX_singleton_family264_LARD_retrotransposon370_chr10_3828033_3830252	0.074	2.83
RLX_singleton_family265_LARD_retrotransposon371_chr10_3911241_3913058	0.110	4.24
RLX_singleton_family266_LARD_retrotransposon372_chr10_4230432_4231869	0.094	3.63
RLX_singleton_family267_LARD_retrotransposon373_chr10_4791032_4791719	0.076	2.93
RLX_singleton_family268_LARD_retrotransposon375_chr10_4892251_4896248	0.118	4.55
RLX_singleton_family269_LARD_retrotransposon376_chr10_4902978_4903756	0.056	2.15
RLX_singleton_family270_LARD_retrotransposon377_chr10_5788411_5789945	0.062	2.38
RLX_singleton_family271_LARD_retrotransposon378_chr10_5965015_5973704	0.087	3.35
RLX_singleton_family272_LARD_retrotransposon380_chr10_6047849_6051800	0.113	4.35
RLX_singleton_family273_LARD_retrotransposon381_chr10_6056118_6056897	0.046	1.77
RLX_singleton_family274_LARD_retrotransposon383_chr10_6830746_6839864	0.036	1.40
RLX_singleton_family275_LARD_retrotransposon384_chr10_6954354_6955883	0.211	8.11
RLX_singleton_family276_LARD_retrotransposon387_chr10_8342690_8347035	0.036	1.40
RLX_singleton_family277_LARD_retrotransposon388_chr10_8376803_8383507	0.042	1.61
RLX_singleton_family278_LARD_retrotransposon393_chr10_9625891_9630085	0.019	0.72
RLX_singleton_family279_LARD_retrotransposon394_chr10_9638034_9638574	0.046	1.77
RLX_singleton_family280_LARD_retrotransposon397_chr10_9722306_9736881	0.000	0.00
RLX_singleton_family281_LARD_retrotransposon399_chr10_9825385_9832608	0.006	0.23
RLX_singleton_family282_LARD_retrotransposon400_chr10_9849148_9851963	0.038	1.47
RLX_singleton_family283_LARD_retrotransposon401_chr10_9884564_9885430	0.015	0.59
RLX_singleton_family284_LARD_retrotransposon402_chr10_9903281_9903735	0.012	0.48
RLX_singleton_family285_LARD_retrotransposon403_chr10_9917469_9926900	0.018	0.69
RLX_singleton_family286_LARD_retrotransposon404_chr11_973408_973936	0.036	1.39
RLX_singleton_family287_LARD_retrotransposon406_chr11_1677273_1678378	0.146	5.60
RLX_singleton_family288_LARD_retrotransposon407_chr11_2010276_2011077	0.028	1.06
RLX_singleton_family289_LARD_retrotransposon408_chr11_3180806_3184496	0.088	3.38
RLX_singleton_family290_LARD_retrotransposon409_chr11_4354491_4358776	0.040	1.55
RLX_singleton_family291_LARD_retrotransposon410_chr11_4495991_4509205	0.048	1.83
RLX_singleton_family292_LARD_retrotransposon414_chr11_6639918_6641224	0.106	4.08
RLX_singleton_family293_LARD_retrotransposon415_chr11_6920303_6927831	0.029	1.10
RLX_singleton_family294_LARD_retrotransposon417_chr11_7063296_7063882	0.045	1.72
RLX_singleton_family295_LARD_retrotransposon421_chr12_482281_482769	0.078	3.02
RLX_singleton_family296_LARD_retrotransposon422_chr12_3310471_3311107	0.049	1.87
RLX_singleton_family297_LARD_retrotransposon423_chr12_5571774_5580906	0.036	1.40
RLX_singleton_family298_LARD_retrotransposon424_chr12_5678309_5679708	0.175	6.74
RLX_singleton_family299_LARD_retrotransposon425_chr12_5719594_5722224	0.054	2.07
RLX_singleton_family300_LARD_retrotransposon426_chr12_6286337_6287928	0.050	1.91
RLX_singleton_family301_LARD_retrotransposon427_chr12_6288552_6291553	0.037	1.42
RLX_singleton_family302_LARD_retrotransposon428_chr12_6375513_6378922	0.107	4.13
RLX_singleton_family303_LARD_retrotransposon429_chr12_6999354_7007382	0.066	2.54
RLX_singleton_family304_LARD_retrotransposon430_chr12_7053089_7060056	0.039	1.50
RLX_singleton_family305_LARD_retrotransposon431_chr12_7157427_7160141	0.036	1.37
RLX_singleton_family306_LARD_retrotransposon432_chr12_7529319_7537634	0.054	2.08
RLX_singleton_family307_LARD_retrotransposon433_chr12_7577185_7585144	0.022	0.83
RLX_singleton_family308_LARD_retrotransposon434_chr12_9117997_9119329	0.012	0.48
RLX_singleton_family309_LARD_retrotransposon436_chr12_9315924_9316390	0.011	0.43
RLX_singleton_family310_LARD_retrotransposon439_chr13_1985331_1989062	0.024	0.91
RLX_singleton_family311_LARD_retrotransposon440_chr13_2178745_2184680	0.021	0.82
RLX_singleton_family312_LARD_retrotransposon441_chr13_3003911_3005402	0.094	3.61
RLX_singleton_family313_LARD_retrotransposon442_chr13_3365553_3365996	0.084	3.22
RLX_singleton_family314_LARD_retrotransposon443_chr13_4978102_4980644	0.126	4.86
RLX_singleton_family315_LARD_retrotransposon444_chr13_5174062_5174744	0.096	3.67
RLX_singleton_family316_LARD_retrotransposon446_chr13_5905973_5908499	0.108	4.17
RLX_singleton_family317_LARD_retrotransposon447_chr13_6148999_6150353	0.009	0.35
RLX_singleton_family318_LARD_retrotransposon448_chr13_6180083_6182584	0.020	0.77
RLX_singleton_family319_LARD_retrotransposon449_chr13_6453277_6455931	0.028	1.07
RLX_singleton_family320_LARD_retrotransposon450_chr13_6573973_6575766	0.024	0.91
RLX_singleton_family321_LARD_retrotransposon451_chr13_7291517_7294912	0.045	1.75
RLX_singleton_family322_LARD_retrotransposon452_chr13_8675673_8681906	0.042	1.60
RLX_singleton_family323_LARD_retrotransposon453_chr13_9246834_9247333	0.032	1.22
RLX_singleton_family324_LARD_retrotransposon456_chr14_4863_5894	0.037	1.44
RLX_singleton_family325_LARD_retrotransposon457_chr14_916222_920722	0.082	3.17
RLX_singleton_family326_LARD_retrotransposon459_chr14_1529530_1533507	0.049	1.88
RLX_singleton_family327_LARD_retrotransposon460_chr14_2989246_2990792	0.025	0.97
RLX_singleton_family328_LARD_retrotransposon461_chr14_3569388_3571169	0.175	6.74
RLX_singleton_family329_LARD_retrotransposon462_chr14_3572921_3574480	0.089	3.41
RLX_singleton_family330_LARD_retrotransposon463_chr14_3581234_3582488	0.089	3.44
RLX_singleton_family331_LARD_retrotransposon464_chr14_3681589_3682266	0.136	5.24
RLX_singleton_family332_LARD_retrotransposon465_chr14_3880092_3882446	0.167	6.41
RLX_singleton_family333_LARD_retrotransposon466_chr14_3935032_3936551	0.064	2.45
RLX_singleton_family334_LARD_retrotransposon468_chr14_4933888_4938961	0.028	1.08
RLX_singleton_family335_LARD_retrotransposon469_chr14_6168243_6169251	0.138	5.30
RLX_singleton_family336_LARD_retrotransposon471_chr15_1024695_1031158	0.042	1.63
RLX_singleton_family337_LARD_retrotransposon472_chr15_1520792_1521993	0.054	2.08
RLX_singleton_family338_LARD_retrotransposon474_chr15_1548401_1549404	0.137	5.25
RLX_singleton_family339_LARD_retrotransposon475_chr15_1972109_1976630	0.049	1.90
RLX_singleton_family340_LARD_retrotransposon476_chr15_2044202_2046650	0.029	1.12
RLX_singleton_family341_LARD_retrotransposon478_chr15_3262282_3263112	0.021	0.82
RLX_singleton_family342_LARD_retrotransposon479_chr15_3581602_3589992	0.036	1.37
RLX_singleton_family343_LARD_retrotransposon481_chr15_4348399_4352777	0.040	1.54
RLX_singleton_family344_LARD_retrotransposon482_chr15_4530501_4533146	0.023	0.88
RLX_singleton_family345_LARD_retrotransposon483_chr15_5100973_5101597	0.008	0.32
RLX_singleton_family346_LARD_retrotransposon485_chr15_5240622_5241120	0.096	3.70
RLX_singleton_family347_LARD_retrotransposon490_chr15_5844279_5852916	0.010	0.39
RLX_singleton_family348_LARD_retrotransposon492_chr16_594105_596501	0.031	1.18
RLX_singleton_family349_LARD_retrotransposon495_chr16_1437898_1442490	0.020	0.78
RLX_singleton_family350_LARD_retrotransposon497_chr16_2481600_2487600	0.037	1.44
RLX_singleton_family351_LARD_retrotransposon499_chr16_4316189_4316742	0.106	4.08
RLX_singleton_family352_LARD_retrotransposon500_chr16_4708164_4718198	0.029	1.11
RLX_singleton_family353_LARD_retrotransposon501_chr16_5244653_5245508	0.106	4.08
RLX_singleton_family354_LARD_retrotransposon503_chr16_5250746_5251658	0.000	0.00
RLX_singleton_family355_LARD_retrotransposon504_chr16_5756158_5758960	0.089	3.42
RLX_singleton_family356_LARD_retrotransposon505_chr16_6174017_6174434	0.089	3.44
RLX_singleton_family357_LARD_retrotransposon506_chr17_477917_479616	0.077	2.97
RLX_singleton_family358_LARD_retrotransposon507_chr17_996983_1000961	0.094	3.61
RLX_singleton_family359_LARD_retrotransposon508_chr17_1204737_1206334	0.111	4.27
RLX_singleton_family360_LARD_retrotransposon509_chr17_1256386_1263979	0.067	2.57
RLX_singleton_family361_LARD_retrotransposon510_chr17_1352104_1356066	0.165	6.34
RLX_singleton_family362_LARD_retrotransposon511_chr17_1484561_1485833	0.004	0.16
RLX_singleton_family363_LARD_retrotransposon513_chr17_1722130_1723692	0.131	5.04
RLX_singleton_family364_LARD_retrotransposon514_chr17_2122249_2130612	0.128	4.90
RLX_singleton_family365_LARD_retrotransposon515_chr17_2365542_2366221	0.091	3.52
RLX_singleton_family366_LARD_retrotransposon516_chr17_5094927_5097170	0.000	0.00
RLX_singleton_family367_LARD_retrotransposon517_chr17_5097184_5097930	0.060	2.30
RLX_singleton_family368_LARD_retrotransposon518_chr17_5806760_5808971	0.053	2.06
RLX_singleton_family369_LARD_retrotransposon519_chr17_6281957_6283231	0.131	5.03
RLX_singleton_family370_LARD_retrotransposon520_chr17_6468530_6469926	0.086	3.29
RLX_singleton_family371_LARD_retrotransposon521_chr18_1062632_1064393	0.158	6.06
RLX_singleton_family372_LARD_retrotransposon522_chr18_1185450_1191779	0.083	3.18
RLX_singleton_family373_LARD_retrotransposon523_chr18_1387679_1389207	0.104	4.02
RLX_singleton_family374_LARD_retrotransposon524_chr18_1395674_1400443	0.060	2.32
RLX_singleton_family375_LARD_retrotransposon525_chr18_1400452_1401857	0.117	4.48
RLX_singleton_family376_LARD_retrotransposon526_chr18_1499460_1502460	0.136	5.21
RLX_singleton_family377_LARD_retrotransposon527_chr18_1752643_1753118	0.145	5.59
RLX_singleton_family378_LARD_retrotransposon528_chr18_1766080_1767729	0.044	1.70
RLX_singleton_family379_LARD_retrotransposon529_chr18_2596033_2603851	0.049	1.88
RLX_singleton_family380_LARD_retrotransposon532_chr18_3073691_3074270	0.117	4.50
RLX_singleton_family381_LARD_retrotransposon533_chr18_3717083_3724045	0.052	2.00
RLX_singleton_family382_LARD_retrotransposon534_chr18_4244351_4246303	0.024	0.92
RLX_singleton_family383_LARD_retrotransposon536_chr18_5483991_5485004	0.136	5.22
RLX_singleton_family384_LARD_retrotransposon537_chr18_6909188_6913263	0.060	2.31
RLX_singleton_family385_LARD_retrotransposon538_chr18_7401107_7411561	0.130	4.98
RLX_singleton_family386_LARD_retrotransposon539_chr19_422592_423715	0.038	1.47
RLX_singleton_family387_LARD_retrotransposon540_chr19_727848_729998	0.015	0.58
RLX_singleton_family388_LARD_retrotransposon541_chr19_734386_736826	0.060	2.31
RLX_singleton_family389_LARD_retrotransposon543_chr19_2198796_2202660	0.027	1.03
RLX_singleton_family390_LARD_retrotransposon544_chr19_3024136_3024605	0.047	1.82
RLX_singleton_family391_LARD_retrotransposon545_chr19_3471300_3478134	0.072	2.76
RLX_singleton_family392_LARD_retrotransposon546_chr19_3794180_3800880	0.196	7.55
RLX_singleton_family393_LARD_retrotransposon547_chr19_4030008_4032294	0.077	2.98
RLX_singleton_family394_LARD_retrotransposon548_chr19_4245846_4246264	0.081	3.13
RLX_singleton_family395_LARD_retrotransposon549_chr19_4375545_4381266	0.007	0.28
RLX_singleton_family396_LARD_retrotransposon550_chr19_4513705_4516614	0.086	3.31
RLX_singleton_family397_LARD_retrotransposon551_chr19_4637259_4637758	0.067	2.58
RLX_singleton_family398_LARD_retrotransposon552_chr19_5253142_5254720	0.084	3.23
RLX_singleton_family399_LARD_retrotransposon553_chr19_5832287_5836271	0.033	1.27
RLX_singleton_family400_LARD_retrotransposon554_chr19_6495806_6498159	0.077	2.97
RLX_singleton_family401_LARD_retrotransposon555_chr19_7434528_7434996	0.000	0.00
RLX_singleton_family402_LARD_retrotransposon556_chr19_7435001_7436868	0.000	0.00
RLX_singleton_family403_LARD_retrotransposon559_chr20_1792179_1794418	0.067	2.57
RLX_singleton_family404_LARD_retrotransposon560_chr20_1803082_1803574	0.087	3.36
RLX_singleton_family405_LARD_retrotransposon561_chr20_3082268_3087435	0.014	0.53
RLX_singleton_family406_LARD_retrotransposon562_chr20_3467410_3468104	0.107	4.12
RLX_singleton_family407_LARD_retrotransposon565_chr20_4209322_4211239	0.154	5.93
RLX_singleton_family408_LARD_retrotransposon566_chr20_4267161_4271683	0.093	3.57
RLX_singleton_family409_LARD_retrotransposon567_chr20_4422650_4424948	0.053	2.05
RLX_singleton_family410_LARD_retrotransposon568_chr20_5077575_5078598	0.120	4.62
RLX_singleton_family411_LARD_retrotransposon570_chr20_5504541_5505465	0.079	3.03
RLX_singleton_family412_LARD_retrotransposon571_chr20_5955595_5956609	0.069	2.65
RLX_singleton_family413_LARD_retrotransposon572_chr21_4821_8500	0.063	2.41
RLX_singleton_family414_LARD_retrotransposon573_chr21_15637_27125	0.019	0.75
RLX_singleton_family415_LARD_retrotransposon574_chr21_27167_30726	0.000	0.00
RLX_singleton_family416_LARD_retrotransposon575_chr21_40354_49605	0.000	0.00
RLX_singleton_family417_LARD_retrotransposon576_chr21_53556_58004	0.076	2.93
RLX_singleton_family418_LARD_retrotransposon577_chr21_89231_90708	0.000	0.00
RLX_singleton_family419_LARD_retrotransposon578_chr21_104664_106206	0.050	1.90
RLX_singleton_family420_LARD_retrotransposon579_chr22_17235_22395	0.019	0.72
RLX_singleton_family421_LARD_retrotransposon580_chr22_45875_48410	0.124	4.79
RLX_singleton_family422_LTR_retrotransposon4_chr01_661762_667426	0.068	2.61
RLX_singleton_family423_LTR_retrotransposon10_chr01_7209956_7213836	0.132	5.09
RLX_singleton_family424_LTR_retrotransposon30_chr01_31194073_31202796	0.119	4.58
RLX_singleton_family425_LTR_retrotransposon36_chr01_32074810_32086340	0.153	5.87
RLX_singleton_family426_LTR_retrotransposon43_chr02_362277_364167	0.091	3.48
RLX_singleton_family427_LTR_retrotransposon47_chr02_960044_975255	0.083	3.20
RLX_singleton_family428_LTR_retrotransposon52_chr02_2397453_2412952	0.054	2.06
RLX_singleton_family429_LTR_retrotransposon53_chr02_2503956_2510952	0.117	4.50
RLX_singleton_family430_LTR_retrotransposon68_chr02_3653068_3654602	0.132	5.08
RLX_singleton_family431_LTR_retrotransposon125_chr02_11910274_11924340	0.074	2.84
RLX_singleton_family432_LTR_retrotransposon157_chr02_14619716_14629330	0.032	1.23
RLX_singleton_family433_LTR_retrotransposon166_chr03_156720_163782	0.021	0.79
RLX_singleton_family434_LTR_retrotransposon194_chr03_6496796_6501135	0.148	5.68
RLX_singleton_family435_LTR_retrotransposon196_chr03_6631827_6635538	0.080	3.07
RLX_singleton_family436_LTR_retrotransposon257_chr04_11419553_11428308	0.143	5.50
RLX_singleton_family437_LTR_retrotransposon258_chr04_11473515_11480103	0.164	6.30
RLX_singleton_family438_LTR_retrotransposon287_chr04_14765325_14769112	0.076	2.94
RLX_singleton_family439_LTR_retrotransposon309_chr05_6299001_6305242	0.084	3.23
RLX_singleton_family440_LTR_retrotransposon327_chr05_9183103_9187744	0.091	3.51
RLX_singleton_family441_LTR_retrotransposon340_chr06_1128351_1138634	0.058	2.23
RLX_singleton_family442_LTR_retrotransposon342_chr06_1345471_1349904	0.062	2.37
RLX_singleton_family443_LTR_retrotransposon356_chr06_2560814_2564047	0.029	1.10
RLX_singleton_family444_LTR_retrotransposon360_chr06_2815660_2830057	0.038	1.46
RLX_singleton_family445_LTR_retrotransposon382_chr06_4355011_4360234	0.017	0.65
RLX_singleton_family446_LTR_retrotransposon387_chr06_4562578_4569447	0.123	4.75
RLX_singleton_family447_LTR_retrotransposon389_chr06_4609027_4618574	0.161	6.20
RLX_singleton_family448_LTR_retrotransposon403_chr06_4847894_4853477	0.003	0.12
RLX_singleton_family449_LTR_retrotransposon419_chr06_6166104_6172589	0.118	4.55
RLX_singleton_family450_LTR_retrotransposon428_chr06_8712041_8723659	0.021	0.80
RLX_singleton_family451_LTR_retrotransposon485_chr07_5979459_5981074	0.096	3.71
RLX_singleton_family452_LTR_retrotransposon512_chr07_6638320_6650593	0.074	2.85
RLX_singleton_family453_LTR_retrotransposon543_chr08_1359130_1368746	0.062	2.38
RLX_singleton_family454_LTR_retrotransposon594_chr09_1500434_1504557	0.076	2.91
RLX_singleton_family455_LTR_retrotransposon601_chr09_3015379_3025449	0.079	3.04
RLX_singleton_family456_LTR_retrotransposon641_chr10_2798008_2803975	0.028	1.09
RLX_singleton_family457_LTR_retrotransposon644_chr10_3427102_3431417	0.109	4.18
RLX_singleton_family458_LTR_retrotransposon656_chr10_4796229_4806843	0.032	1.22
RLX_singleton_family459_LTR_retrotransposon664_chr10_5782208_5785363	0.096	3.71
RLX_singleton_family460_LTR_retrotransposon668_chr10_6035791_6037254	0.096	3.70
RLX_singleton_family461_LTR_retrotransposon672_chr10_6187478_6191312	0.103	3.98
RLX_singleton_family462_LTR_retrotransposon725_chr11_7778814_7783289	0.026	1.02
RLX_singleton_family463_LTR_retrotransposon729_chr11_8871552_8882065	0.007	0.26
RLX_singleton_family464_LTR_retrotransposon804_chr14_2882072_2884248	0.039	1.50
RLX_singleton_family465_LTR_retrotransposon806_chr14_3195587_3204953	0.091	3.50
RLX_singleton_family466_LTR_retrotransposon807_chr14_3296723_3305558	0.119	4.57
RLX_singleton_family467_LTR_retrotransposon824_chr15_102894_105775	0.063	2.42
RLX_singleton_family468_LTR_retrotransposon830_chr15_1226038_1237189	0.102	3.93
RLX_singleton_family469_LTR_retrotransposon837_chr15_1905955_1908708	0.102	3.92
RLX_singleton_family470_LTR_retrotransposon843_chr15_2640079_2653720	0.007	0.27
RLX_singleton_family471_LTR_retrotransposon863_chr15_6377238_6378900	0.068	2.60
RLX_singleton_family472_LTR_retrotransposon873_chr16_1355392_1367190	0.102	3.92
RLX_singleton_family473_LTR_retrotransposon926_chr17_7160187_7167606	0.159	6.13
RLX_singleton_family474_LTR_retrotransposon937_chr18_1411607_1416679	0.109	4.18
RLX_singleton_family475_LTR_retrotransposon974_chr19_3200256_3207029	0.085	3.28
RLX_singleton_family476_LTR_retrotransposon985_chr19_4266586_4274941	0.103	3.96
RLX_singleton_family477_LTR_retrotransposon994_chr19_5866295_5881500	0.096	3.71
RLX_singleton_family478_LTR_retrotransposon995_chr19_6202552_6208614	0.045	1.74
RLX_singleton_family479_LTR_retrotransposon1004_chr20_2837363_2844277	0.052	2.00
RLX_singleton_family480_LTR_retrotransposon1010_chr20_4034627_4040311	0.153	5.88
RLX_singleton_family481_LTR_retrotransposon1014_chr20_4442182_4444185	0.120	4.63
RLX_singleton_family482_LTR_retrotransposon1018_chr20_4862793_4867473	0.092	3.55
