DTA_singleton_family0_terminal_inverted_repeat_element81_chr01_20891778_20894962	0.102	3.94
DTA_singleton_family1_terminal_inverted_repeat_element531_chr05_2866302_2867930	0.048	1.85
DTA_singleton_family2_terminal_inverted_repeat_element1464_chr17_5032979_5040313	0.000	0.00
DTC_singleton_family0_terminal_inverted_repeat_element625_chr06_2295590_2302758	0.037	1.44
DTC_singleton_family1_terminal_inverted_repeat_element779_chr07_6439483_6448286	0.141	5.40
DTC_singleton_family2_terminal_inverted_repeat_element882_chr08_8475490_8477171	0.147	5.65
DTC_singleton_family3_terminal_inverted_repeat_element929_chr09_4216762_4224146	0.006	0.24
DTC_singleton_family4_terminal_inverted_repeat_element1554_chr19_3242648_3247417	0.126	4.84
DTM_singleton_family0_terminal_inverted_repeat_element134_chr01_31322416_31323575	0.166	6.38
DTM_singleton_family1_terminal_inverted_repeat_element368_chr03_11483858_11486945	0.104	4.01
DTM_singleton_family2_terminal_inverted_repeat_element537_chr05_3361184_3364655	0.040	1.53
DTM_singleton_family3_terminal_inverted_repeat_element1105_chr11_7873938_7874727	0.134	5.15
DTM_singleton_family4_terminal_inverted_repeat_element1604_chr20_3942098_3948877	0.026	0.99
DTT_family0_terminal_inverted_repeat_element344_chr03_7187437_7189230	0.034	1.31
DTT_family0_terminal_inverted_repeat_element541_chr05_3995233_3996966	0.074	2.85
DTT_family0_terminal_inverted_repeat_element543_chr05_4266662_4268396	0.053	2.03
DTT_family0_terminal_inverted_repeat_element1002_chr10_5235683_5237417	0.054	2.08
DTT_family0_terminal_inverted_repeat_element1436_chr17_1306294_1308087	0.054	2.07
DTT_singleton_family0_terminal_inverted_repeat_element40_chr01_12731236_12732312	0.123	4.74
DTT_singleton_family1_terminal_inverted_repeat_element98_chr01_23613125_23613997	0.044	1.69
DTT_singleton_family2_terminal_inverted_repeat_element155_chr02_354778_355755	0.083	3.19
DTT_singleton_family3_terminal_inverted_repeat_element156_chr02_422862_428910	0.124	4.78
DTT_singleton_family4_terminal_inverted_repeat_element198_chr02_4570168_4570854	0.000	0.00
DTT_singleton_family5_terminal_inverted_repeat_element204_chr02_5234027_5235417	0.147	5.64
DTT_singleton_family6_terminal_inverted_repeat_element269_chr02_12926349_12931512	0.040	1.55
DTT_singleton_family7_terminal_inverted_repeat_element280_chr02_14174909_14179031	0.125	4.80
DTT_singleton_family8_terminal_inverted_repeat_element303_chr03_2056037_2059766	0.000	0.00
DTT_singleton_family9_terminal_inverted_repeat_element312_chr03_4046896_4050633	0.277	10.64
DTT_singleton_family10_terminal_inverted_repeat_element313_chr03_4131123_4134330	0.277	10.64
DTT_singleton_family11_terminal_inverted_repeat_element315_chr03_4171613_4173410	0.000	0.00
DTT_singleton_family12_terminal_inverted_repeat_element346_chr03_7262755_7264361	0.110	4.23
DTT_singleton_family13_terminal_inverted_repeat_element348_chr03_7561302_7568527	0.065	2.49
DTT_singleton_family14_terminal_inverted_repeat_element449_chr04_6372418_6378308	0.000	0.00
DTT_singleton_family15_terminal_inverted_repeat_element450_chr04_6604494_6605452	0.109	4.18
DTT_singleton_family16_terminal_inverted_repeat_element455_chr04_8184317_8189498	0.039	1.49
DTT_singleton_family17_terminal_inverted_repeat_element500_chr04_14433773_14440451	0.000	0.00
DTT_singleton_family18_terminal_inverted_repeat_element511_chr04_15436116_15440207	0.035	1.34
DTT_singleton_family19_terminal_inverted_repeat_element567_chr05_7798117_7806837	0.000	0.00
DTT_singleton_family20_terminal_inverted_repeat_element577_chr05_8505752_8513904	0.085	3.27
DTT_singleton_family21_terminal_inverted_repeat_element623_chr06_2181582_2183042	0.018	0.69
DTT_singleton_family22_terminal_inverted_repeat_element647_chr06_4235254_4244052	0.148	5.71
DTT_singleton_family23_terminal_inverted_repeat_element648_chr06_4432123_4440076	0.027	1.03
DTT_singleton_family24_terminal_inverted_repeat_element687_chr06_8644161_8646469	0.015	0.57
DTT_singleton_family25_terminal_inverted_repeat_element709_chr06_10333738_10335771	0.000	0.00
DTT_singleton_family26_terminal_inverted_repeat_element738_chr07_1297073_1303981	0.000	0.00
DTT_singleton_family27_terminal_inverted_repeat_element775_chr07_6303046_6308535	0.033	1.25
DTT_singleton_family28_terminal_inverted_repeat_element782_chr07_6591883_6592637	0.070	2.70
DTT_singleton_family29_terminal_inverted_repeat_element832_chr08_4157644_4158842	0.039	1.49
DTT_singleton_family30_terminal_inverted_repeat_element853_chr08_6112142_6113774	0.082	3.14
DTT_singleton_family31_terminal_inverted_repeat_element859_chr08_6520939_6530883	0.034	1.32
DTT_singleton_family32_terminal_inverted_repeat_element873_chr08_7275769_7283283	0.032	1.24
DTT_singleton_family33_terminal_inverted_repeat_element875_chr08_7413732_7419225	0.034	1.29
DTT_singleton_family34_terminal_inverted_repeat_element888_chr08_9767518_9772053	0.134	5.16
DTT_singleton_family35_terminal_inverted_repeat_element918_chr09_2732416_2734388	0.142	5.46
DTT_singleton_family36_terminal_inverted_repeat_element962_chr09_10052019_10053016	0.037	1.42
DTT_singleton_family37_terminal_inverted_repeat_element979_chr10_2566689_2567675	0.142	5.45
DTT_singleton_family38_terminal_inverted_repeat_element981_chr10_2617422_2623533	0.129	4.98
DTT_singleton_family39_terminal_inverted_repeat_element986_chr10_3172882_3176541	0.158	6.06
DTT_singleton_family40_terminal_inverted_repeat_element996_chr10_4276947_4277670	0.025	0.94
DTT_singleton_family41_terminal_inverted_repeat_element1037_chr10_9677851_9681833	0.061	2.37
DTT_singleton_family42_terminal_inverted_repeat_element1049_chr11_811538_818263	0.091	3.51
DTT_singleton_family43_terminal_inverted_repeat_element1057_chr11_3191129_3198206	0.042	1.60
DTT_singleton_family44_terminal_inverted_repeat_element1069_chr11_5741717_5742942	0.076	2.93
DTT_singleton_family45_terminal_inverted_repeat_element1148_chr12_5665332_5671211	0.074	2.86
DTT_singleton_family46_terminal_inverted_repeat_element1204_chr13_3957791_3966984	0.024	0.92
DTT_singleton_family47_terminal_inverted_repeat_element1219_chr13_5437821_5442051	0.147	5.67
DTT_singleton_family48_terminal_inverted_repeat_element1294_chr14_8558605_8564743	0.000	0.00
DTT_singleton_family49_terminal_inverted_repeat_element1307_chr15_902610_904400	0.107	4.12
DTT_singleton_family50_terminal_inverted_repeat_element1360_chr15_6173814_6175203	0.116	4.45
DTT_singleton_family51_terminal_inverted_repeat_element1364_chr15_6348956_6349817	0.075	2.90
DTT_singleton_family52_terminal_inverted_repeat_element1420_chr16_7704976_7712735	0.000	0.00
DTT_singleton_family53_terminal_inverted_repeat_element1449_chr17_2269580_2272262	0.034	1.32
DTT_singleton_family54_terminal_inverted_repeat_element1471_chr17_5873353_5874563	0.085	3.27
DTT_singleton_family55_terminal_inverted_repeat_element1472_chr17_5970535_5971261	0.134	5.16
DTT_singleton_family56_terminal_inverted_repeat_element1501_chr18_2973951_2981257	0.045	1.75
DTT_singleton_family57_terminal_inverted_repeat_element1507_chr18_3995513_3996810	0.016	0.62
DTT_singleton_family58_terminal_inverted_repeat_element1516_chr18_4640754_4642881	0.008	0.32
DTT_singleton_family59_terminal_inverted_repeat_element1534_chr19_453246_459223	0.000	0.00
DTT_singleton_family60_terminal_inverted_repeat_element1563_chr19_4480256_4485457	0.134	5.16
DTT_singleton_family61_terminal_inverted_repeat_element1573_chr19_6124088_6128733	0.278	10.71
DTX_family0_MITE15_chr01_20375980_20376253	0.110	4.23
DTX_family0_MITE16_chr01_21504844_21505207	0.153	5.87
DTX_family0_MITE71_chr04_9875742_9875995	0.177	6.80
DTX_family0_terminal_inverted_repeat_element677_chr06_8140639_8143579	0.147	5.67
DTX_family0_terminal_inverted_repeat_element983_chr10_2884753_2890247	0.127	4.87
DTX_family0_terminal_inverted_repeat_element1022_chr10_7565264_7571356	0.073	2.79
DTX_family0_terminal_inverted_repeat_element1084_chr11_6589946_6592792	0.065	2.52
DTX_family0_terminal_inverted_repeat_element1118_chr12_1070023_1073264	0.000	0.00
DTX_family0_terminal_inverted_repeat_element1283_chr14_4540806_4546648	0.142	5.46
DTX_family1_terminal_inverted_repeat_element575_chr05_8268045_8272893	0.114	4.39
DTX_family1_terminal_inverted_repeat_element598_chr06_349889_356313	0.107	4.12
DTX_family1_terminal_inverted_repeat_element1139_chr12_5117252_5122879	0.147	5.64
DTX_family1_terminal_inverted_repeat_element1261_chr14_2568509_2571213	0.171	6.57
DTX_family1_terminal_inverted_repeat_element1451_chr17_2592145_2594034	0.206	7.91
DTX_family2_terminal_inverted_repeat_element680_chr06_8310506_8313744	0.037	1.42
DTX_family2_terminal_inverted_repeat_element965_chr10_554960_560020	0.105	4.04
DTX_family2_terminal_inverted_repeat_element982_chr10_2761839_2767989	0.081	3.11
DTX_family2_terminal_inverted_repeat_element1353_chr15_5296702_5302883	0.123	4.72
DTX_family2_terminal_inverted_repeat_element1607_chr20_4533653_4535741	0.187	7.18
DTX_family3_terminal_inverted_repeat_element124_chr01_29953510_29960406	0.139	5.35
DTX_family3_terminal_inverted_repeat_element272_chr02_13618021_13624571	0.080	3.08
DTX_family3_terminal_inverted_repeat_element1074_chr11_6125317_6130869	0.135	5.20
DTX_family3_terminal_inverted_repeat_element1395_chr16_2273960_2278900	0.052	2.02
DTX_family4_terminal_inverted_repeat_element445_chr04_5518263_5524482	0.036	1.38
DTX_family4_terminal_inverted_repeat_element854_chr08_6146368_6151860	0.036	1.38
DTX_family4_terminal_inverted_repeat_element1005_chr10_5704012_5705602	0.125	4.80
DTX_family4_terminal_inverted_repeat_element1468_chr17_5199779_5205693	0.036	1.38
DTX_family5_terminal_inverted_repeat_element509_chr04_15323462_15329136	0.156	5.98
DTX_family5_terminal_inverted_repeat_element1279_chr14_4306868_4312243	0.091	3.48
DTX_family5_terminal_inverted_repeat_element1435_chr17_1136509_1142666	0.084	3.24
DTX_family6_terminal_inverted_repeat_element850_chr08_5641977_5645315	0.158	6.06
DTX_family6_terminal_inverted_repeat_element1103_chr11_7684429_7690216	0.181	6.97
DTX_family6_terminal_inverted_repeat_element1626_chr20_5856951_5860420	0.109	4.20
DTX_family7_terminal_inverted_repeat_element29_chr01_7656201_7657594	0.137	5.28
DTX_family7_terminal_inverted_repeat_element1091_chr11_6970231_6972459	0.132	5.08
DTX_family7_terminal_inverted_repeat_element1376_chr16_981686_982649	0.153	5.88
DTX_family8_terminal_inverted_repeat_element351_chr03_7931234_7932126	0.109	4.18
DTX_family8_terminal_inverted_repeat_element552_chr05_6351512_6352400	0.091	3.52
DTX_family8_terminal_inverted_repeat_element1015_chr10_7137914_7138958	0.155	5.96
DTX_family9_terminal_inverted_repeat_element644_chr06_3923089_3927454	0.149	5.72
DTX_family9_terminal_inverted_repeat_element702_chr06_10178251_10182597	0.110	4.25
DTX_family9_terminal_inverted_repeat_element704_chr06_10200506_10204855	0.149	5.72
DTX_family10_terminal_inverted_repeat_element127_chr01_30555334_30559351	0.121	4.67
DTX_family10_terminal_inverted_repeat_element401_chr03_13941325_13946085	0.028	1.08
DTX_family10_terminal_inverted_repeat_element1538_chr19_1155995_1156735	0.136	5.22
DTX_family11_terminal_inverted_repeat_element130_chr01_31009393_31015689	0.116	4.47
DTX_family11_terminal_inverted_repeat_element786_chr07_6849322_6855548	0.176	6.76
DTX_family11_terminal_inverted_repeat_element1319_chr15_1766650_1773503	0.068	2.61
DTX_family12_terminal_inverted_repeat_element1045_chr11_480604_485113	0.093	3.59
DTX_family12_terminal_inverted_repeat_element1600_chr20_3490865_3492706	0.165	6.33
DTX_family12_terminal_inverted_repeat_element1601_chr20_3535193_3537042	0.143	5.52
DTX_family13_terminal_inverted_repeat_element502_chr04_14633555_14634671	0.066	2.54
DTX_family13_terminal_inverted_repeat_element686_chr06_8631941_8637802	0.078	2.98
DTX_family13_terminal_inverted_repeat_element688_chr06_8656785_8657904	0.066	2.54
DTX_family14_terminal_inverted_repeat_element661_chr06_5426475_5430674	0.197	7.58
DTX_family14_terminal_inverted_repeat_element1034_chr10_9586489_9590478	0.169	6.50
DTX_family15_terminal_inverted_repeat_element867_chr08_7009408_7016971	0.065	2.50
DTX_family15_terminal_inverted_repeat_element872_chr08_7196882_7203820	0.064	2.47
DTX_family16_terminal_inverted_repeat_element707_chr06_10318359_10322630	0.111	4.25
DTX_family16_terminal_inverted_repeat_element729_chr06_11572572_11576947	0.122	4.70
DTX_family17_terminal_inverted_repeat_element574_chr05_8201759_8203533	0.076	2.91
DTX_family17_terminal_inverted_repeat_element1611_chr20_4765760_4767775	0.063	2.41
DTX_family18_terminal_inverted_repeat_element654_chr06_5128426_5138634	0.015	0.56
DTX_family18_terminal_inverted_repeat_element1033_chr10_9555495_9564871	0.000	0.00
DTX_family19_terminal_inverted_repeat_element166_chr02_1672376_1673225	0.129	4.94
DTX_family19_terminal_inverted_repeat_element824_chr08_2107507_2108541	0.178	6.84
DTX_singleton_family0_MITE1_chr01_577920_578173	0.101	3.90
DTX_singleton_family0_terminal_inverted_repeat_element2_chr01_31014_32475	0.000	0.00
DTX_singleton_family1_MITE2_chr01_2544521_2544999	0.143	5.51
DTX_singleton_family1_terminal_inverted_repeat_element5_chr01_167707_173715	0.000	0.00
DTX_singleton_family2_MITE3_chr01_3585419_3585897	0.133	5.12
DTX_singleton_family2_terminal_inverted_repeat_element8_chr01_2055790_2064019	0.000	0.00
DTX_singleton_family3_MITE4_chr01_7179647_7180105	0.035	1.34
DTX_singleton_family3_terminal_inverted_repeat_element9_chr01_2126713_2130890	0.038	1.48
DTX_singleton_family4_MITE5_chr01_9097701_9097904	0.200	7.68
DTX_singleton_family4_terminal_inverted_repeat_element10_chr01_2188220_2196598	0.069	2.66
DTX_singleton_family5_MITE6_chr01_9196944_9197150	0.000	0.00
DTX_singleton_family5_terminal_inverted_repeat_element13_chr01_2592353_2594870	0.142	5.45
DTX_singleton_family6_MITE7_chr01_12801423_12801605	0.075	2.88
DTX_singleton_family6_terminal_inverted_repeat_element14_chr01_2643383_2651292	0.099	3.82
DTX_singleton_family7_MITE8_chr01_14074992_14075583	0.084	3.22
DTX_singleton_family7_terminal_inverted_repeat_element18_chr01_5182041_5185148	0.180	6.93
DTX_singleton_family8_MITE9_chr01_15309332_15309651	0.038	1.48
DTX_singleton_family8_terminal_inverted_repeat_element19_chr01_5399962_5405355	0.130	4.98
DTX_singleton_family9_MITE10_chr01_17045413_17045957	0.034	1.32
DTX_singleton_family9_terminal_inverted_repeat_element20_chr01_5482149_5490669	0.033	1.25
DTX_singleton_family10_MITE11_chr01_17761144_17761280	0.080	3.08
DTX_singleton_family10_terminal_inverted_repeat_element22_chr01_6805410_6807844	0.056	2.17
DTX_singleton_family11_MITE12_chr01_18469526_18470059	0.089	3.42
DTX_singleton_family11_terminal_inverted_repeat_element23_chr01_6814241_6818438	0.000	0.00
DTX_singleton_family12_MITE13_chr01_19636082_19636632	0.084	3.22
DTX_singleton_family12_terminal_inverted_repeat_element25_chr01_7125066_7129338	0.115	4.42
DTX_singleton_family13_MITE14_chr01_20067632_20067995	0.150	5.79
DTX_singleton_family13_terminal_inverted_repeat_element28_chr01_7246102_7251820	0.226	8.69
DTX_singleton_family14_MITE17_chr01_21744106_21744474	0.097	3.73
DTX_singleton_family14_terminal_inverted_repeat_element30_chr01_8245750_8254041	0.085	3.27
DTX_singleton_family15_MITE18_chr01_22408194_22408416	0.161	6.18
DTX_singleton_family15_terminal_inverted_repeat_element37_chr01_9809667_9819547	0.000	0.00
DTX_singleton_family16_MITE19_chr01_22433965_22434543	0.000	0.00
DTX_singleton_family16_terminal_inverted_repeat_element39_chr01_12552358_12553242	0.087	3.35
DTX_singleton_family17_MITE20_chr01_23340079_23340615	0.000	0.00
DTX_singleton_family17_terminal_inverted_repeat_element44_chr01_13376978_13382805	0.039	1.49
DTX_singleton_family18_MITE21_chr01_24634458_24634686	0.116	4.45
DTX_singleton_family18_terminal_inverted_repeat_element46_chr01_13976536_13982767	0.147	5.67
DTX_singleton_family19_MITE22_chr01_26524377_26524724	0.082	3.13
DTX_singleton_family19_terminal_inverted_repeat_element47_chr01_14064975_14065711	0.024	0.92
DTX_singleton_family20_MITE23_chr01_27306910_27307209	0.000	0.00
DTX_singleton_family20_terminal_inverted_repeat_element50_chr01_14461616_14469227	0.000	0.00
DTX_singleton_family21_MITE24_chr01_28014616_28014923	0.394	15.15
DTX_singleton_family21_terminal_inverted_repeat_element57_chr01_16716247_16716994	0.039	1.49
DTX_singleton_family22_MITE25_chr01_30351233_30351541	0.040	1.53
DTX_singleton_family22_terminal_inverted_repeat_element59_chr01_17575762_17580162	0.149	5.72
DTX_singleton_family23_MITE26_chr01_31313927_31314089	0.049	1.88
DTX_singleton_family23_terminal_inverted_repeat_element60_chr01_17676442_17683308	0.000	0.00
DTX_singleton_family24_MITE27_chr01_31957078_31957298	0.117	4.50
DTX_singleton_family24_terminal_inverted_repeat_element62_chr01_17761295_17764340	0.214	8.25
DTX_singleton_family25_MITE28_chr01_32798604_32798761	0.036	1.37
DTX_singleton_family25_terminal_inverted_repeat_element66_chr01_18680090_18683264	0.182	6.98
DTX_singleton_family26_MITE29_chr01_33288682_33288872	0.059	2.27
DTX_singleton_family26_terminal_inverted_repeat_element67_chr01_18726533_18735993	0.163	6.28
DTX_singleton_family27_MITE30_chr02_2102583_2102788	0.180	6.91
DTX_singleton_family27_terminal_inverted_repeat_element70_chr01_19326246_19328814	0.180	6.93
DTX_singleton_family28_MITE31_chr02_4085024_4085341	0.028	1.08
DTX_singleton_family28_terminal_inverted_repeat_element71_chr01_19568874_19571667	0.039	1.49
DTX_singleton_family29_MITE32_chr02_4457619_4457798	0.102	3.93
DTX_singleton_family29_terminal_inverted_repeat_element74_chr01_19896669_19897286	0.150	5.77
DTX_singleton_family30_MITE33_chr02_4915355_4915716	0.202	7.78
DTX_singleton_family30_terminal_inverted_repeat_element75_chr01_20016821_20018640	0.119	4.57
DTX_singleton_family31_MITE34_chr02_4936603_4937171	0.077	2.95
DTX_singleton_family31_terminal_inverted_repeat_element79_chr01_20722982_20732447	0.210	8.09
DTX_singleton_family32_MITE35_chr02_8674471_8674826	0.094	3.62
DTX_singleton_family32_terminal_inverted_repeat_element80_chr01_20773650_20775359	0.135	5.18
DTX_singleton_family33_MITE36_chr02_9491270_9491531	0.160	6.14
DTX_singleton_family33_terminal_inverted_repeat_element89_chr01_22009462_22013152	0.095	3.63
DTX_singleton_family34_MITE37_chr02_10258060_10258498	0.108	4.15
DTX_singleton_family34_terminal_inverted_repeat_element95_chr01_22904447_22912658	0.000	0.00
DTX_singleton_family35_MITE38_chr02_11140645_11140961	0.088	3.38
DTX_singleton_family35_terminal_inverted_repeat_element100_chr01_24246906_24247917	0.037	1.42
DTX_singleton_family36_MITE39_chr02_14431558_14431771	0.093	3.57
DTX_singleton_family36_terminal_inverted_repeat_element104_chr01_25005408_25015339	0.000	0.00
DTX_singleton_family37_MITE40_chr02_15272213_15272719	0.134	5.15
DTX_singleton_family37_terminal_inverted_repeat_element105_chr01_25165956_25170914	0.083	3.18
DTX_singleton_family38_MITE41_chr02_15801830_15802105	0.080	3.08
DTX_singleton_family38_terminal_inverted_repeat_element106_chr01_25212278_25214231	0.051	1.97
DTX_singleton_family39_MITE42_chr03_59714_59888	0.135	5.21
DTX_singleton_family39_terminal_inverted_repeat_element107_chr01_25349303_25349912	0.056	2.15
DTX_singleton_family40_MITE43_chr03_308658_309044	0.134	5.16
DTX_singleton_family40_terminal_inverted_repeat_element108_chr01_25454451_25460314	0.080	3.08
DTX_singleton_family41_MITE44_chr03_731124_731392	0.110	4.23
DTX_singleton_family41_terminal_inverted_repeat_element109_chr01_25461123_25470233	0.075	2.90
DTX_singleton_family42_MITE45_chr03_1875314_1875545	0.045	1.75
DTX_singleton_family42_terminal_inverted_repeat_element110_chr01_25850980_25858381	0.073	2.80
DTX_singleton_family43_MITE46_chr03_1904136_1904415	0.085	3.27
DTX_singleton_family43_terminal_inverted_repeat_element112_chr01_26079005_26087010	0.248	9.54
DTX_singleton_family44_MITE47_chr03_3074070_3074245	0.160	6.15
DTX_singleton_family44_terminal_inverted_repeat_element119_chr01_28491744_28499399	0.085	3.27
DTX_singleton_family45_MITE48_chr03_4512300_4512625	0.266	10.24
DTX_singleton_family45_terminal_inverted_repeat_element129_chr01_30984947_30986259	0.174	6.70
DTX_singleton_family46_MITE49_chr03_6193184_6193449	0.117	4.50
DTX_singleton_family46_terminal_inverted_repeat_element137_chr01_31635917_31639644	0.129	4.96
DTX_singleton_family47_MITE50_chr03_6384401_6384653	0.073	2.80
DTX_singleton_family47_terminal_inverted_repeat_element142_chr01_32274650_32275893	0.186	7.14
DTX_singleton_family48_MITE51_chr03_6484999_6485319	0.035	1.35
DTX_singleton_family48_terminal_inverted_repeat_element144_chr01_32317792_32320580	0.014	0.53
DTX_singleton_family49_MITE52_chr03_7030996_7031153	0.075	2.88
DTX_singleton_family49_terminal_inverted_repeat_element148_chr01_33553210_33555877	0.233	8.95
DTX_singleton_family50_MITE53_chr03_9713372_9713608	0.075	2.90
DTX_singleton_family50_terminal_inverted_repeat_element157_chr02_737319_741235	0.000	0.00
DTX_singleton_family51_MITE54_chr03_9834091_9834410	0.138	5.32
DTX_singleton_family51_terminal_inverted_repeat_element161_chr02_1211326_1213791	0.164	6.32
DTX_singleton_family52_MITE55_chr03_10010803_10011061	0.042	1.60
DTX_singleton_family52_terminal_inverted_repeat_element165_chr02_1638315_1639990	0.000	0.00
DTX_singleton_family53_MITE56_chr03_11896525_11897054	0.065	2.50
DTX_singleton_family53_terminal_inverted_repeat_element169_chr02_2054217_2057706	0.169	6.48
DTX_singleton_family54_MITE57_chr03_13846337_13846533	0.046	1.77
DTX_singleton_family54_terminal_inverted_repeat_element174_chr02_2196272_2197239	0.033	1.25
DTX_singleton_family55_MITE58_chr03_14714597_14714737	0.096	3.68
DTX_singleton_family55_terminal_inverted_repeat_element176_chr02_2284721_2288252	0.239	9.20
DTX_singleton_family56_MITE59_chr03_15512042_15512184	0.135	5.18
DTX_singleton_family56_terminal_inverted_repeat_element177_chr02_2363915_2371650	0.137	5.28
DTX_singleton_family57_MITE60_chr03_16466344_16466619	0.000	0.00
DTX_singleton_family57_terminal_inverted_repeat_element178_chr02_2433638_2437423	0.033	1.26
DTX_singleton_family58_MITE61_chr03_16485729_16485993	0.000	0.00
DTX_singleton_family58_terminal_inverted_repeat_element188_chr02_3689019_3693844	0.075	2.90
DTX_singleton_family59_MITE62_chr03_16572937_16573315	0.061	2.34
DTX_singleton_family59_terminal_inverted_repeat_element190_chr02_3908668_3911075	0.236	9.10
DTX_singleton_family60_MITE63_chr03_16596432_16596620	0.000	0.00
DTX_singleton_family60_terminal_inverted_repeat_element193_chr02_4409146_4411643	0.090	3.46
DTX_singleton_family61_MITE64_chr03_16630373_16630539	0.035	1.35
DTX_singleton_family61_terminal_inverted_repeat_element195_chr02_4474406_4484459	0.067	2.58
DTX_singleton_family62_MITE65_chr04_2914347_2914734	0.372	14.30
DTX_singleton_family62_terminal_inverted_repeat_element203_chr02_5087141_5089417	0.000	0.00
DTX_singleton_family63_MITE66_chr04_2938052_2938548	0.166	6.38
DTX_singleton_family63_terminal_inverted_repeat_element205_chr02_5262004_5271980	0.143	5.51
DTX_singleton_family64_MITE67_chr04_2986188_2986530	0.107	4.10
DTX_singleton_family64_terminal_inverted_repeat_element207_chr02_5411561_5416367	0.072	2.75
DTX_singleton_family65_MITE68_chr04_4262576_4262828	0.092	3.52
DTX_singleton_family65_terminal_inverted_repeat_element208_chr02_5607258_5616199	0.000	0.00
DTX_singleton_family66_MITE69_chr04_8728186_8728414	0.042	1.62
DTX_singleton_family66_terminal_inverted_repeat_element211_chr02_6047214_6048453	0.081	3.13
DTX_singleton_family67_MITE70_chr04_9874035_9874193	0.000	0.00
DTX_singleton_family67_terminal_inverted_repeat_element214_chr02_7029891_7034859	0.149	5.72
DTX_singleton_family68_MITE72_chr04_10043349_10043491	0.084	3.22
DTX_singleton_family68_terminal_inverted_repeat_element218_chr02_7560889_7567575	0.000	0.00
DTX_singleton_family69_MITE73_chr04_10343610_10343956	0.114	4.39
DTX_singleton_family69_terminal_inverted_repeat_element219_chr02_7612342_7619567	0.000	0.00
DTX_singleton_family70_MITE74_chr04_11704196_11704391	0.000	0.00
DTX_singleton_family70_terminal_inverted_repeat_element220_chr02_7852722_7853789	0.118	4.55
DTX_singleton_family71_MITE75_chr04_11816552_11816696	0.210	8.09
DTX_singleton_family71_terminal_inverted_repeat_element222_chr02_8059070_8061649	0.157	6.03
DTX_singleton_family72_MITE76_chr04_12172724_12173054	0.134	5.14
DTX_singleton_family72_terminal_inverted_repeat_element223_chr02_8074426_8075624	0.080	3.08
DTX_singleton_family73_MITE77_chr04_12282750_12282994	0.169	6.48
DTX_singleton_family73_terminal_inverted_repeat_element227_chr02_8748172_8752565	0.040	1.53
DTX_singleton_family74_MITE78_chr04_15120018_15120198	0.057	2.20
DTX_singleton_family74_terminal_inverted_repeat_element233_chr02_9393977_9397379	0.000	0.00
DTX_singleton_family75_MITE79_chr05_1154684_1154838	0.074	2.86
DTX_singleton_family75_terminal_inverted_repeat_element236_chr02_9546084_9548182	0.226	8.71
DTX_singleton_family76_MITE80_chr05_3628584_3629157	0.189	7.26
DTX_singleton_family76_terminal_inverted_repeat_element239_chr02_10099659_10100746	0.210	8.09
DTX_singleton_family77_MITE81_chr05_4940899_4941193	0.170	6.52
DTX_singleton_family77_terminal_inverted_repeat_element245_chr02_10439399_10446919	0.117	4.51
DTX_singleton_family78_MITE82_chr05_6553125_6553385	0.154	5.93
DTX_singleton_family78_terminal_inverted_repeat_element246_chr02_10544408_10550755	0.040	1.53
DTX_singleton_family79_MITE83_chr05_9361763_9362305	0.095	3.66
DTX_singleton_family79_terminal_inverted_repeat_element247_chr02_10617060_10618455	0.000	0.00
DTX_singleton_family80_MITE84_chr05_9833040_9833383	0.182	7.00
DTX_singleton_family80_terminal_inverted_repeat_element250_chr02_10964294_10967987	0.040	1.55
DTX_singleton_family81_MITE85_chr05_10668005_10668588	0.085	3.27
DTX_singleton_family81_terminal_inverted_repeat_element251_chr02_11006056_11012201	0.171	6.57
DTX_singleton_family82_MITE86_chr05_12107461_12107959	0.138	5.31
DTX_singleton_family82_terminal_inverted_repeat_element256_chr02_11608608_11610298	0.111	4.26
DTX_singleton_family83_MITE87_chr06_55432_55691	0.207	7.97
DTX_singleton_family83_terminal_inverted_repeat_element258_chr02_11776970_11783265	0.042	1.60
DTX_singleton_family84_MITE88_chr06_752880_753318	0.088	3.38
DTX_singleton_family84_terminal_inverted_repeat_element262_chr02_12213803_12220915	0.015	0.58
DTX_singleton_family85_MITE89_chr06_1178383_1178861	0.167	6.42
DTX_singleton_family85_terminal_inverted_repeat_element263_chr02_12379837_12385641	0.085	3.27
DTX_singleton_family86_MITE90_chr06_1207189_1207667	0.167	6.42
DTX_singleton_family86_terminal_inverted_repeat_element266_chr02_12632026_12636901	0.069	2.66
DTX_singleton_family87_MITE91_chr06_1507163_1507376	0.049	1.88
DTX_singleton_family87_terminal_inverted_repeat_element267_chr02_12672617_12681780	0.107	4.10
DTX_singleton_family88_MITE92_chr06_1705185_1705690	0.073	2.80
DTX_singleton_family88_terminal_inverted_repeat_element270_chr02_13244685_13246739	0.029	1.11
DTX_singleton_family89_MITE93_chr06_2671366_2671841	0.076	2.94
DTX_singleton_family89_terminal_inverted_repeat_element273_chr02_13639158_13644294	0.110	4.23
DTX_singleton_family90_MITE94_chr06_3498766_3499066	0.040	1.55
DTX_singleton_family90_terminal_inverted_repeat_element275_chr02_13685387_13690509	0.110	4.23
DTX_singleton_family91_MITE95_chr06_5097997_5098334	0.000	0.00
DTX_singleton_family91_terminal_inverted_repeat_element283_chr02_14878209_14881188	0.136	5.23
DTX_singleton_family92_MITE96_chr06_8745031_8745260	0.103	3.96
DTX_singleton_family92_terminal_inverted_repeat_element285_chr02_15371021_15374067	0.000	0.00
DTX_singleton_family93_MITE97_chr07_529473_529764	0.121	4.65
DTX_singleton_family93_terminal_inverted_repeat_element287_chr02_15740404_15741134	0.099	3.82
DTX_singleton_family94_MITE98_chr07_1178924_1179228	0.000	0.00
DTX_singleton_family94_terminal_inverted_repeat_element290_chr02_16193803_16194917	0.035	1.34
DTX_singleton_family95_MITE99_chr07_4976983_4977232	0.075	2.89
DTX_singleton_family95_terminal_inverted_repeat_element291_chr02_16317786_16321176	0.298	11.46
DTX_singleton_family96_MITE100_chr07_6815758_6816158	0.032	1.21
DTX_singleton_family96_terminal_inverted_repeat_element292_chr02_16356675_16364213	0.229	8.79
DTX_singleton_family97_MITE101_chr07_6845649_6845906	0.064	2.44
DTX_singleton_family97_terminal_inverted_repeat_element293_chr02_16527523_16532248	0.082	3.14
DTX_singleton_family98_MITE102_chr08_226345_226579	0.074	2.85
DTX_singleton_family98_terminal_inverted_repeat_element295_chr03_83377_88588	0.111	4.25
DTX_singleton_family99_MITE103_chr08_299829_300029	0.105	4.06
DTX_singleton_family99_terminal_inverted_repeat_element298_chr03_988489_990515	0.182	7.01
DTX_singleton_family100_MITE104_chr08_2266052_2266340	0.487	18.74
DTX_singleton_family100_terminal_inverted_repeat_element307_chr03_3387880_3393601	0.040	1.55
DTX_singleton_family101_MITE105_chr08_4496172_4496314	0.000	0.00
DTX_singleton_family101_terminal_inverted_repeat_element308_chr03_3459230_3461605	0.142	5.48
DTX_singleton_family102_MITE106_chr08_5269989_5270159	0.041	1.58
DTX_singleton_family102_terminal_inverted_repeat_element311_chr03_3910925_3915677	0.057	2.20
DTX_singleton_family103_MITE107_chr08_6074807_6075253	0.037	1.44
DTX_singleton_family103_terminal_inverted_repeat_element314_chr03_4149259_4153282	0.084	3.22
DTX_singleton_family104_MITE108_chr08_6796765_6797108	0.071	2.73
DTX_singleton_family104_terminal_inverted_repeat_element318_chr03_4562027_4570410	0.028	1.08
DTX_singleton_family105_MITE109_chr08_6863473_6863857	0.000	0.00
DTX_singleton_family105_terminal_inverted_repeat_element320_chr03_4748331_4750990	0.138	5.32
DTX_singleton_family106_MITE110_chr08_7661178_7661740	0.061	2.34
DTX_singleton_family106_terminal_inverted_repeat_element325_chr03_5177585_5182514	0.087	3.35
DTX_singleton_family107_MITE111_chr08_8750488_8750819	0.102	3.93
DTX_singleton_family107_terminal_inverted_repeat_element327_chr03_5283011_5292612	0.143	5.50
DTX_singleton_family108_MITE112_chr09_693129_693345	0.093	3.58
DTX_singleton_family108_terminal_inverted_repeat_element331_chr03_5545788_5549820	0.039	1.51
DTX_singleton_family109_MITE113_chr09_721358_721541	0.037	1.44
DTX_singleton_family109_terminal_inverted_repeat_element347_chr03_7386691_7388188	0.085	3.27
DTX_singleton_family110_MITE114_chr09_832655_833008	0.032	1.21
DTX_singleton_family110_terminal_inverted_repeat_element352_chr03_8149379_8150073	0.200	7.70
DTX_singleton_family111_MITE115_chr09_1661061_1661246	0.118	4.53
DTX_singleton_family111_terminal_inverted_repeat_element354_chr03_8949601_8950920	0.052	2.00
DTX_singleton_family112_MITE116_chr09_2933103_2933340	0.039	1.49
DTX_singleton_family112_terminal_inverted_repeat_element359_chr03_10414258_10422417	0.086	3.32
DTX_singleton_family113_MITE117_chr09_4839715_4840003	0.039	1.49
DTX_singleton_family113_terminal_inverted_repeat_element362_chr03_10983350_10984124	0.078	3.02
DTX_singleton_family114_MITE118_chr09_5361954_5362469	0.102	3.93
DTX_singleton_family114_terminal_inverted_repeat_element363_chr03_11211015_11218099	0.037	1.44
DTX_singleton_family115_MITE119_chr09_5640669_5641035	0.000	0.00
DTX_singleton_family115_terminal_inverted_repeat_element364_chr03_11330592_11331306	0.074	2.83
DTX_singleton_family116_MITE120_chr09_5677926_5678162	0.106	4.09
DTX_singleton_family116_terminal_inverted_repeat_element365_chr03_11371177_11371856	0.088	3.38
DTX_singleton_family117_MITE121_chr09_6587600_6587889	0.147	5.67
DTX_singleton_family117_terminal_inverted_repeat_element367_chr03_11442273_11444815	0.030	1.17
DTX_singleton_family118_MITE122_chr09_7752291_7752570	0.082	3.14
DTX_singleton_family118_terminal_inverted_repeat_element370_chr03_11831240_11832418	0.000	0.00
DTX_singleton_family119_MITE123_chr09_9617090_9617280	0.030	1.14
DTX_singleton_family119_terminal_inverted_repeat_element373_chr03_12083918_12085400	0.130	4.99
DTX_singleton_family120_MITE124_chr09_10038923_10039113	0.030	1.14
DTX_singleton_family120_terminal_inverted_repeat_element375_chr03_12223675_12225579	0.140	5.38
DTX_singleton_family121_MITE125_chr10_2579422_2579671	0.042	1.60
DTX_singleton_family121_terminal_inverted_repeat_element377_chr03_12475071_12476145	0.108	4.15
DTX_singleton_family122_MITE126_chr10_3200792_3200955	0.069	2.67
DTX_singleton_family122_terminal_inverted_repeat_element379_chr03_12737769_12743209	0.102	3.91
DTX_singleton_family123_MITE127_chr10_3339324_3339573	0.067	2.57
DTX_singleton_family123_terminal_inverted_repeat_element384_chr03_13028553_13038247	0.000	0.00
DTX_singleton_family124_MITE128_chr10_5827473_5827626	0.074	2.86
DTX_singleton_family124_terminal_inverted_repeat_element386_chr03_13099945_13101537	0.148	5.68
DTX_singleton_family125_MITE129_chr10_7333696_7333974	0.081	3.11
DTX_singleton_family125_terminal_inverted_repeat_element388_chr03_13125245_13133504	0.143	5.51
DTX_singleton_family126_MITE130_chr10_8330057_8330242	0.061	2.34
DTX_singleton_family126_terminal_inverted_repeat_element393_chr03_13464962_13467043	0.079	3.02
DTX_singleton_family127_MITE131_chr10_8408689_8409133	0.041	1.56
DTX_singleton_family127_terminal_inverted_repeat_element397_chr03_13777651_13781757	0.184	7.07
DTX_singleton_family128_MITE132_chr10_9934683_9935274	0.018	0.67
DTX_singleton_family128_terminal_inverted_repeat_element398_chr03_13799732_13802837	0.065	2.49
DTX_singleton_family129_MITE133_chr11_530733_531322	0.075	2.90
DTX_singleton_family129_terminal_inverted_repeat_element402_chr03_14015505_14017032	0.151	5.83
DTX_singleton_family130_MITE134_chr11_874239_874468	0.000	0.00
DTX_singleton_family130_terminal_inverted_repeat_element404_chr03_14500316_14510326	0.112	4.29
DTX_singleton_family131_MITE135_chr11_4017323_4017703	0.043	1.67
DTX_singleton_family131_terminal_inverted_repeat_element409_chr03_15277358_15280261	0.123	4.73
DTX_singleton_family132_MITE136_chr11_6969145_6969619	0.089	3.44
DTX_singleton_family132_terminal_inverted_repeat_element410_chr03_15324426_15327885	0.126	4.86
DTX_singleton_family133_MITE137_chr11_7020638_7021149	0.073	2.82
DTX_singleton_family133_terminal_inverted_repeat_element411_chr03_15466385_15468569	0.102	3.91
DTX_singleton_family134_MITE138_chr11_7314298_7314608	0.051	1.98
DTX_singleton_family134_terminal_inverted_repeat_element417_chr03_16580141_16586192	0.037	1.42
DTX_singleton_family135_MITE139_chr11_7530854_7530991	0.130	4.98
DTX_singleton_family135_terminal_inverted_repeat_element421_chr03_16651574_16654413	0.177	6.80
DTX_singleton_family136_MITE140_chr12_126773_127184	0.037	1.44
DTX_singleton_family136_terminal_inverted_repeat_element422_chr03_16680659_16683121	0.121	4.65
DTX_singleton_family137_MITE141_chr12_3046645_3046841	0.095	3.65
DTX_singleton_family137_terminal_inverted_repeat_element424_chr04_384675_392287	0.000	0.00
DTX_singleton_family138_MITE142_chr12_3402716_3403058	0.065	2.49
DTX_singleton_family138_terminal_inverted_repeat_element425_chr04_407276_414949	0.194	7.44
DTX_singleton_family139_MITE143_chr12_3466672_3467238	0.028	1.08
DTX_singleton_family139_terminal_inverted_repeat_element426_chr04_564077_564807	0.224	8.60
DTX_singleton_family140_MITE144_chr12_4698319_4698881	0.102	3.92
DTX_singleton_family140_terminal_inverted_repeat_element427_chr04_782205_782993	0.087	3.35
DTX_singleton_family141_MITE145_chr12_4717123_4717268	0.118	4.54
DTX_singleton_family141_terminal_inverted_repeat_element428_chr04_1784517_1790931	0.165	6.36
DTX_singleton_family142_MITE146_chr12_5029565_5030130	0.163	6.25
DTX_singleton_family142_terminal_inverted_repeat_element429_chr04_1956179_1960636	0.037	1.44
DTX_singleton_family143_MITE147_chr12_5077117_5077658	0.272	10.46
DTX_singleton_family143_terminal_inverted_repeat_element430_chr04_2201240_2208265	0.082	3.14
DTX_singleton_family144_MITE148_chr12_5618640_5619130	0.028	1.08
DTX_singleton_family144_terminal_inverted_repeat_element431_chr04_2293269_2299970	0.147	5.67
DTX_singleton_family145_MITE149_chr12_6317051_6317457	0.034	1.30
DTX_singleton_family145_terminal_inverted_repeat_element437_chr04_3417773_3418858	0.091	3.48
DTX_singleton_family146_MITE150_chr12_7371539_7371720	0.039	1.49
DTX_singleton_family146_terminal_inverted_repeat_element438_chr04_3463641_3473224	0.172	6.62
DTX_singleton_family147_MITE151_chr12_7418848_7419338	0.138	5.31
DTX_singleton_family147_terminal_inverted_repeat_element443_chr04_4860583_4870114	0.089	3.42
DTX_singleton_family148_MITE152_chr12_7691428_7691765	0.129	4.95
DTX_singleton_family148_terminal_inverted_repeat_element444_chr04_5105308_5106533	0.141	5.41
DTX_singleton_family149_MITE153_chr12_7748359_7748541	0.084	3.22
DTX_singleton_family149_terminal_inverted_repeat_element447_chr04_5644866_5652566	0.000	0.00
DTX_singleton_family150_MITE154_chr12_7855337_7855519	0.084	3.22
DTX_singleton_family150_terminal_inverted_repeat_element452_chr04_7604239_7605656	0.169	6.52
DTX_singleton_family151_MITE155_chr12_7893234_7893477	0.167	6.42
DTX_singleton_family151_terminal_inverted_repeat_element454_chr04_8132964_8133691	0.152	5.86
DTX_singleton_family152_MITE156_chr13_1814575_1815053	0.108	4.17
DTX_singleton_family152_terminal_inverted_repeat_element456_chr04_8227688_8232483	0.037	1.44
DTX_singleton_family153_MITE157_chr13_2708358_2708667	0.142	5.46
DTX_singleton_family153_terminal_inverted_repeat_element459_chr04_9075120_9076472	0.127	4.90
DTX_singleton_family154_MITE158_chr13_3191460_3191954	0.132	5.08
DTX_singleton_family154_terminal_inverted_repeat_element462_chr04_9763414_9766594	0.069	2.66
DTX_singleton_family155_MITE159_chr13_3441297_3441584	0.129	4.94
DTX_singleton_family155_terminal_inverted_repeat_element463_chr04_9791789_9796233	0.166	6.37
DTX_singleton_family156_MITE160_chr13_4317698_4317878	0.234	9.01
DTX_singleton_family156_terminal_inverted_repeat_element469_chr04_10354720_10361280	0.090	3.47
DTX_singleton_family157_MITE161_chr13_4858713_4858982	0.046	1.77
DTX_singleton_family157_terminal_inverted_repeat_element470_chr04_10436983_10439574	0.080	3.08
DTX_singleton_family158_MITE162_chr14_691839_692045	0.034	1.32
DTX_singleton_family158_terminal_inverted_repeat_element471_chr04_10522578_10528285	0.063	2.41
DTX_singleton_family159_MITE163_chr14_2138170_2138402	0.160	6.16
DTX_singleton_family159_terminal_inverted_repeat_element472_chr04_10941039_10944896	0.116	4.48
DTX_singleton_family160_MITE164_chr14_2335853_2336030	0.000	0.00
DTX_singleton_family160_terminal_inverted_repeat_element474_chr04_11099466_11100174	0.000	0.00
DTX_singleton_family161_MITE165_chr14_2602791_2602953	0.051	1.98
DTX_singleton_family161_terminal_inverted_repeat_element475_chr04_11201263_11203818	0.203	7.81
DTX_singleton_family162_MITE166_chr14_8001016_8001136	0.147	5.67
DTX_singleton_family162_terminal_inverted_repeat_element478_chr04_11349277_11352858	0.030	1.17
DTX_singleton_family163_MITE167_chr15_760577_760764	0.279	10.72
DTX_singleton_family163_terminal_inverted_repeat_element481_chr04_11674917_11681008	0.227	8.72
DTX_singleton_family164_MITE168_chr15_3000677_3001053	0.253	9.72
DTX_singleton_family164_terminal_inverted_repeat_element484_chr04_11931371_11938928	0.000	0.00
DTX_singleton_family165_MITE169_chr15_3485900_3486257	0.042	1.60
DTX_singleton_family165_terminal_inverted_repeat_element485_chr04_11942597_11949232	0.000	0.00
DTX_singleton_family166_MITE170_chr15_4585941_4586511	0.200	7.70
DTX_singleton_family166_terminal_inverted_repeat_element487_chr04_12106814_12108738	0.000	0.00
DTX_singleton_family167_MITE171_chr15_5030183_5030458	0.109	4.18
DTX_singleton_family167_terminal_inverted_repeat_element494_chr04_12814904_12815871	0.153	5.88
DTX_singleton_family168_MITE172_chr15_8143775_8143973	0.000	0.00
DTX_singleton_family168_terminal_inverted_repeat_element496_chr04_12991209_12994293	0.140	5.38
DTX_singleton_family169_MITE173_chr16_79179_79629	0.082	3.14
DTX_singleton_family169_terminal_inverted_repeat_element497_chr04_13045183_13045849	0.000	0.00
DTX_singleton_family170_MITE174_chr16_1309799_1310289	0.060	2.32
DTX_singleton_family170_terminal_inverted_repeat_element498_chr04_13076906_13078680	0.000	0.00
DTX_singleton_family171_MITE175_chr16_4644486_4644734	0.167	6.42
DTX_singleton_family171_terminal_inverted_repeat_element499_chr04_13500902_13502395	0.048	1.86
DTX_singleton_family172_MITE176_chr16_7482311_7482598	0.166	6.38
DTX_singleton_family172_terminal_inverted_repeat_element501_chr04_14620780_14623463	0.058	2.25
DTX_singleton_family173_MITE177_chr16_7944727_7945264	0.085	3.25
DTX_singleton_family173_terminal_inverted_repeat_element503_chr04_14655629_14662078	0.173	6.64
DTX_singleton_family174_MITE178_chr16_8222998_8223535	0.085	3.25
DTX_singleton_family174_terminal_inverted_repeat_element508_chr04_15183347_15192284	0.210	8.09
DTX_singleton_family175_MITE179_chr16_8231581_8231925	0.141	5.40
DTX_singleton_family175_terminal_inverted_repeat_element510_chr04_15409794_15410613	0.107	4.10
DTX_singleton_family176_MITE180_chr17_168338_168858	0.065	2.50
DTX_singleton_family176_terminal_inverted_repeat_element513_chr04_15558023_15559699	0.121	4.65
DTX_singleton_family177_MITE181_chr17_632161_632470	0.192	7.39
DTX_singleton_family177_terminal_inverted_repeat_element515_chr04_15640446_15643800	0.163	6.28
DTX_singleton_family178_MITE182_chr17_3290409_3290585	0.124	4.78
DTX_singleton_family178_terminal_inverted_repeat_element516_chr04_15807134_15811977	0.233	8.95
DTX_singleton_family179_MITE183_chr18_1586220_1586634	0.155	5.97
DTX_singleton_family179_terminal_inverted_repeat_element517_chr04_15880867_15883133	0.174	6.69
DTX_singleton_family180_MITE184_chr18_1791480_1791662	0.074	2.86
DTX_singleton_family180_terminal_inverted_repeat_element518_chr05_274689_275689	0.123	4.74
DTX_singleton_family181_MITE185_chr18_5075713_5075995	0.193	7.43
DTX_singleton_family181_terminal_inverted_repeat_element521_chr05_894194_897259	0.029	1.13
DTX_singleton_family182_MITE186_chr18_6701820_6702135	0.078	3.02
DTX_singleton_family182_terminal_inverted_repeat_element525_chr05_1633341_1636409	0.070	2.70
DTX_singleton_family183_MITE187_chr18_7030959_7031110	0.000	0.00
DTX_singleton_family183_terminal_inverted_repeat_element530_chr05_2650758_2651406	0.060	2.32
DTX_singleton_family184_MITE188_chr18_7272168_7272391	0.158	6.07
DTX_singleton_family184_terminal_inverted_repeat_element532_chr05_3081781_3090808	0.111	4.25
DTX_singleton_family185_MITE189_chr19_39063_39260	0.124	4.75
DTX_singleton_family185_terminal_inverted_repeat_element533_chr05_3153413_3155739	0.000	0.00
DTX_singleton_family186_MITE190_chr19_3533923_3534223	0.035	1.35
DTX_singleton_family186_terminal_inverted_repeat_element534_chr05_3190300_3192611	0.000	0.00
DTX_singleton_family187_MITE191_chr19_4884882_4885289	0.142	5.47
DTX_singleton_family187_terminal_inverted_repeat_element535_chr05_3292604_3294931	0.000	0.00
DTX_singleton_family188_MITE192_chr19_5273574_5273981	0.135	5.21
DTX_singleton_family188_terminal_inverted_repeat_element536_chr05_3301111_3310234	0.044	1.69
DTX_singleton_family189_MITE193_chr20_8067_8375	0.134	5.15
DTX_singleton_family189_terminal_inverted_repeat_element542_chr05_4005525_4010079	0.150	5.78
DTX_singleton_family190_MITE194_chr20_585730_585942	0.082	3.15
DTX_singleton_family190_terminal_inverted_repeat_element547_chr05_5327083_5330674	0.226	8.69
DTX_singleton_family191_MITE195_chr20_1004752_1004928	0.019	0.73
DTX_singleton_family191_terminal_inverted_repeat_element549_chr05_6100671_6106028	0.134	5.16
DTX_singleton_family192_MITE196_chr20_3357633_3357791	0.044	1.68
DTX_singleton_family192_terminal_inverted_repeat_element551_chr05_6298910_6307746	0.000	0.00
DTX_singleton_family193_MITE197_chr20_5271404_5271875	0.077	2.97
DTX_singleton_family193_terminal_inverted_repeat_element553_chr05_6431166_6431867	0.029	1.13
DTX_singleton_family194_MITE198_chr20_5801147_5801336	0.074	2.86
DTX_singleton_family194_terminal_inverted_repeat_element557_chr05_6602771_6612599	0.174	6.71
DTX_singleton_family195_MITE199_chr21_4338_4813	0.000	0.00
DTX_singleton_family195_terminal_inverted_repeat_element563_chr05_7242372_7244071	0.070	2.70
DTX_singleton_family196_MITE200_chr21_35275_35602	0.000	0.00
DTX_singleton_family196_terminal_inverted_repeat_element571_chr05_8058896_8066343	0.026	1.02
DTX_singleton_family197_MITE201_chr21_88282_88697	0.040	1.55
DTX_singleton_family197_terminal_inverted_repeat_element579_chr05_8981607_8982622	0.135	5.20
DTX_singleton_family198_MITE202_chr21_107258_107726	0.000	0.00
DTX_singleton_family198_terminal_inverted_repeat_element581_chr05_9144554_9147596	0.114	4.39
DTX_singleton_family199_MITE203_chr22_7401_7641	0.000	0.00
DTX_singleton_family199_terminal_inverted_repeat_element583_chr05_9432898_9436846	0.043	1.67
DTX_singleton_family200_terminal_inverted_repeat_element586_chr05_9711856_9713422	0.076	2.93
DTX_singleton_family201_terminal_inverted_repeat_element589_chr05_10030082_10034634	0.135	5.21
DTX_singleton_family202_terminal_inverted_repeat_element595_chr05_11370870_11371778	0.086	3.32
DTX_singleton_family203_terminal_inverted_repeat_element600_chr06_554550_556363	0.040	1.53
DTX_singleton_family204_terminal_inverted_repeat_element601_chr06_668817_673973	0.087	3.35
DTX_singleton_family205_terminal_inverted_repeat_element602_chr06_686283_691316	0.050	1.93
DTX_singleton_family206_terminal_inverted_repeat_element608_chr06_882854_889946	0.144	5.54
DTX_singleton_family207_terminal_inverted_repeat_element609_chr06_908186_914949	0.134	5.16
DTX_singleton_family208_terminal_inverted_repeat_element618_chr06_1680717_1681432	0.115	4.42
DTX_singleton_family209_terminal_inverted_repeat_element621_chr06_1937720_1946883	0.108	4.15
DTX_singleton_family210_terminal_inverted_repeat_element622_chr06_2177229_2177890	0.040	1.52
DTX_singleton_family211_terminal_inverted_repeat_element627_chr06_2340439_2349821	0.132	5.06
DTX_singleton_family212_terminal_inverted_repeat_element628_chr06_2439733_2441564	0.058	2.24
DTX_singleton_family213_terminal_inverted_repeat_element632_chr06_2587468_2595614	0.007	0.27
DTX_singleton_family214_terminal_inverted_repeat_element634_chr06_2601097_2603564	0.150	5.77
DTX_singleton_family215_terminal_inverted_repeat_element635_chr06_2641268_2642234	0.065	2.50
DTX_singleton_family216_terminal_inverted_repeat_element637_chr06_3032039_3035219	0.022	0.86
DTX_singleton_family217_terminal_inverted_repeat_element638_chr06_3040903_3049942	0.084	3.22
DTX_singleton_family218_terminal_inverted_repeat_element641_chr06_3713412_3720855	0.000	0.00
DTX_singleton_family219_terminal_inverted_repeat_element645_chr06_4157661_4163340	0.111	4.27
DTX_singleton_family220_terminal_inverted_repeat_element646_chr06_4177481_4179959	0.147	5.64
DTX_singleton_family221_terminal_inverted_repeat_element649_chr06_4538835_4543571	0.054	2.08
DTX_singleton_family222_terminal_inverted_repeat_element651_chr06_4696868_4703043	0.000	0.00
DTX_singleton_family223_terminal_inverted_repeat_element662_chr06_5564729_5573706	0.083	3.21
DTX_singleton_family224_terminal_inverted_repeat_element663_chr06_5864181_5865193	0.082	3.14
DTX_singleton_family225_terminal_inverted_repeat_element676_chr06_8009952_8010876	0.067	2.57
DTX_singleton_family226_terminal_inverted_repeat_element678_chr06_8179110_8183368	0.035	1.36
DTX_singleton_family227_terminal_inverted_repeat_element679_chr06_8274474_8281277	0.000	0.00
DTX_singleton_family228_terminal_inverted_repeat_element685_chr06_8582312_8591364	0.074	2.86
DTX_singleton_family229_terminal_inverted_repeat_element690_chr06_8725309_8728855	0.163	6.26
DTX_singleton_family230_terminal_inverted_repeat_element694_chr06_9439044_9441190	0.047	1.82
DTX_singleton_family231_terminal_inverted_repeat_element696_chr06_9606408_9615245	0.089	3.42
DTX_singleton_family232_terminal_inverted_repeat_element698_chr06_9839986_9849756	0.107	4.12
DTX_singleton_family233_terminal_inverted_repeat_element701_chr06_10036926_10039855	0.191	7.33
DTX_singleton_family234_terminal_inverted_repeat_element706_chr06_10276968_10283951	0.083	3.20
DTX_singleton_family235_terminal_inverted_repeat_element708_chr06_10323911_10327604	0.106	4.08
DTX_singleton_family236_terminal_inverted_repeat_element712_chr06_10614958_10618322	0.088	3.38
DTX_singleton_family237_terminal_inverted_repeat_element713_chr06_10651291_10657970	0.100	3.85
DTX_singleton_family238_terminal_inverted_repeat_element715_chr06_10851699_10854960	0.167	6.42
DTX_singleton_family239_terminal_inverted_repeat_element716_chr06_10896765_10904818	0.102	3.94
DTX_singleton_family240_terminal_inverted_repeat_element719_chr06_11227906_11234494	0.042	1.60
DTX_singleton_family241_terminal_inverted_repeat_element720_chr06_11302775_11304991	0.088	3.39
DTX_singleton_family242_terminal_inverted_repeat_element721_chr06_11344563_11347081	0.178	6.86
DTX_singleton_family243_terminal_inverted_repeat_element722_chr06_11354248_11363672	0.104	4.00
DTX_singleton_family244_terminal_inverted_repeat_element723_chr06_11364697_11367958	0.167	6.42
DTX_singleton_family245_terminal_inverted_repeat_element725_chr06_11459772_11464661	0.071	2.73
DTX_singleton_family246_terminal_inverted_repeat_element726_chr06_11487930_11493283	0.119	4.57
DTX_singleton_family247_terminal_inverted_repeat_element727_chr06_11532192_11541650	0.170	6.52
DTX_singleton_family248_terminal_inverted_repeat_element728_chr06_11546811_11549529	0.000	0.00
DTX_singleton_family249_terminal_inverted_repeat_element731_chr06_11731346_11734712	0.088	3.38
DTX_singleton_family250_terminal_inverted_repeat_element732_chr06_11801704_11804413	0.000	0.00
DTX_singleton_family251_terminal_inverted_repeat_element733_chr07_96582_99070	0.000	0.00
DTX_singleton_family252_terminal_inverted_repeat_element737_chr07_1190968_1192665	0.158	6.07
DTX_singleton_family253_terminal_inverted_repeat_element739_chr07_1620301_1625340	0.119	4.56
DTX_singleton_family254_terminal_inverted_repeat_element741_chr07_1924065_1930577	0.182	7.00
DTX_singleton_family255_terminal_inverted_repeat_element743_chr07_2900125_2902390	0.141	5.41
DTX_singleton_family256_terminal_inverted_repeat_element745_chr07_2952317_2957299	0.078	3.02
DTX_singleton_family257_terminal_inverted_repeat_element746_chr07_2972972_2975776	0.000	0.00
DTX_singleton_family258_terminal_inverted_repeat_element747_chr07_3287759_3288546	0.071	2.72
DTX_singleton_family259_terminal_inverted_repeat_element750_chr07_3492541_3501465	0.112	4.32
DTX_singleton_family260_terminal_inverted_repeat_element751_chr07_3594662_3596299	0.140	5.38
DTX_singleton_family261_terminal_inverted_repeat_element757_chr07_4857547_4858622	0.156	6.00
DTX_singleton_family262_terminal_inverted_repeat_element759_chr07_4920088_4924368	0.000	0.00
DTX_singleton_family263_terminal_inverted_repeat_element763_chr07_5395252_5402017	0.000	0.00
DTX_singleton_family264_terminal_inverted_repeat_element764_chr07_5466062_5467917	0.141	5.42
DTX_singleton_family265_terminal_inverted_repeat_element766_chr07_5752177_5754911	0.135	5.21
DTX_singleton_family266_terminal_inverted_repeat_element767_chr07_5981853_5985568	0.076	2.91
DTX_singleton_family267_terminal_inverted_repeat_element769_chr07_6037398_6045191	0.052	2.02
DTX_singleton_family268_terminal_inverted_repeat_element770_chr07_6063993_6072312	0.000	0.00
DTX_singleton_family269_terminal_inverted_repeat_element772_chr07_6162861_6163684	0.087	3.35
DTX_singleton_family270_terminal_inverted_repeat_element773_chr07_6245835_6251657	0.013	0.51
DTX_singleton_family271_terminal_inverted_repeat_element776_chr07_6319562_6324935	0.114	4.40
DTX_singleton_family272_terminal_inverted_repeat_element778_chr07_6368972_6377889	0.039	1.49
DTX_singleton_family273_terminal_inverted_repeat_element781_chr07_6520824_6528084	0.132	5.09
DTX_singleton_family274_terminal_inverted_repeat_element783_chr07_6761565_6762741	0.108	4.15
DTX_singleton_family275_terminal_inverted_repeat_element789_chr07_7885621_7892169	0.080	3.08
DTX_singleton_family276_terminal_inverted_repeat_element790_chr07_7892353_7898496	0.064	2.45
DTX_singleton_family277_terminal_inverted_repeat_element792_chr07_8362279_8366850	0.080	3.06
DTX_singleton_family278_terminal_inverted_repeat_element793_chr07_8556044_8565782	0.119	4.58
DTX_singleton_family279_terminal_inverted_repeat_element794_chr07_8728774_8731854	0.048	1.85
DTX_singleton_family280_terminal_inverted_repeat_element795_chr07_9158983_9167292	0.098	3.75
DTX_singleton_family281_terminal_inverted_repeat_element796_chr07_9310568_9315215	0.039	1.49
DTX_singleton_family282_terminal_inverted_repeat_element797_chr07_10198047_10199171	0.168	6.45
DTX_singleton_family283_terminal_inverted_repeat_element799_chr07_10961392_10965677	0.083	3.19
DTX_singleton_family284_terminal_inverted_repeat_element801_chr07_11238353_11246570	0.067	2.57
DTX_singleton_family285_terminal_inverted_repeat_element805_chr08_40129_43756	0.141	5.42
DTX_singleton_family286_terminal_inverted_repeat_element806_chr08_174401_176431	0.026	1.01
DTX_singleton_family287_terminal_inverted_repeat_element808_chr08_237628_243882	0.124	4.75
DTX_singleton_family288_terminal_inverted_repeat_element810_chr08_728216_735147	0.000	0.00
DTX_singleton_family289_terminal_inverted_repeat_element811_chr08_925500_927729	0.080	3.08
DTX_singleton_family290_terminal_inverted_repeat_element813_chr08_975981_976898	0.042	1.60
DTX_singleton_family291_terminal_inverted_repeat_element817_chr08_1639749_1648797	0.000	0.00
DTX_singleton_family292_terminal_inverted_repeat_element823_chr08_2106539_2107382	0.043	1.66
DTX_singleton_family293_terminal_inverted_repeat_element825_chr08_2121227_2128042	0.085	3.27
DTX_singleton_family294_terminal_inverted_repeat_element829_chr08_2665126_2671870	0.084	3.22
DTX_singleton_family295_terminal_inverted_repeat_element830_chr08_3940482_3941547	0.046	1.77
DTX_singleton_family296_terminal_inverted_repeat_element833_chr08_4215120_4224209	0.114	4.39
DTX_singleton_family297_terminal_inverted_repeat_element834_chr08_4333122_4340325	0.000	0.00
DTX_singleton_family298_terminal_inverted_repeat_element838_chr08_4877752_4880336	0.000	0.00
DTX_singleton_family299_terminal_inverted_repeat_element839_chr08_4966493_4972884	0.123	4.75
DTX_singleton_family300_terminal_inverted_repeat_element840_chr08_5000506_5009258	0.000	0.00
DTX_singleton_family301_terminal_inverted_repeat_element841_chr08_5049265_5050394	0.057	2.20
DTX_singleton_family302_terminal_inverted_repeat_element847_chr08_5469585_5471194	0.151	5.79
DTX_singleton_family303_terminal_inverted_repeat_element858_chr08_6463732_6467652	0.037	1.42
DTX_singleton_family304_terminal_inverted_repeat_element860_chr08_6533190_6535050	0.084	3.22
DTX_singleton_family305_terminal_inverted_repeat_element861_chr08_6615273_6618673	0.008	0.32
DTX_singleton_family306_terminal_inverted_repeat_element866_chr08_6937663_6943249	0.063	2.41
DTX_singleton_family307_terminal_inverted_repeat_element868_chr08_7025324_7032926	0.042	1.62
DTX_singleton_family308_terminal_inverted_repeat_element881_chr08_8173572_8175744	0.270	10.38
DTX_singleton_family309_terminal_inverted_repeat_element884_chr08_9003484_9004254	0.130	4.98
DTX_singleton_family310_terminal_inverted_repeat_element889_chr08_9874730_9875529	0.036	1.37
DTX_singleton_family311_terminal_inverted_repeat_element890_chr08_9975078_9977354	0.085	3.27
DTX_singleton_family312_terminal_inverted_repeat_element892_chr08_10714388_10715680	0.080	3.06
DTX_singleton_family313_terminal_inverted_repeat_element893_chr08_11507998_11515054	0.214	8.25
DTX_singleton_family314_terminal_inverted_repeat_element901_chr09_942022_948089	0.000	0.00
DTX_singleton_family315_terminal_inverted_repeat_element903_chr09_1233768_1244420	0.000	0.00
DTX_singleton_family316_terminal_inverted_repeat_element904_chr09_1571230_1577569	0.037	1.42
DTX_singleton_family317_terminal_inverted_repeat_element910_chr09_2029831_2030935	0.135	5.21
DTX_singleton_family318_terminal_inverted_repeat_element915_chr09_2672268_2678805	0.115	4.43
DTX_singleton_family319_terminal_inverted_repeat_element919_chr09_2798413_2801567	0.000	0.00
DTX_singleton_family320_terminal_inverted_repeat_element923_chr09_3598294_3602062	0.000	0.00
DTX_singleton_family321_terminal_inverted_repeat_element926_chr09_3750342_3751074	0.096	3.67
DTX_singleton_family322_terminal_inverted_repeat_element930_chr09_4314744_4318335	0.130	4.98
DTX_singleton_family323_terminal_inverted_repeat_element934_chr09_5118606_5124864	0.000	0.00
DTX_singleton_family324_terminal_inverted_repeat_element936_chr09_5403726_5410196	0.123	4.74
DTX_singleton_family325_terminal_inverted_repeat_element942_chr09_6264053_6266806	0.170	6.54
DTX_singleton_family326_terminal_inverted_repeat_element943_chr09_6305826_6306852	0.170	6.55
DTX_singleton_family327_terminal_inverted_repeat_element944_chr09_6574628_6575607	0.093	3.58
DTX_singleton_family328_terminal_inverted_repeat_element949_chr09_7086030_7086772	0.000	0.00
DTX_singleton_family329_terminal_inverted_repeat_element950_chr09_7444194_7448964	0.036	1.38
DTX_singleton_family330_terminal_inverted_repeat_element951_chr09_7498447_7504741	0.059	2.27
DTX_singleton_family331_terminal_inverted_repeat_element954_chr09_8495154_8499847	0.000	0.00
DTX_singleton_family332_terminal_inverted_repeat_element956_chr09_9601859_9603209	0.000	0.00
DTX_singleton_family333_terminal_inverted_repeat_element958_chr09_9903238_9904096	0.246	9.47
DTX_singleton_family334_terminal_inverted_repeat_element960_chr09_9997842_10007193	0.087	3.35
DTX_singleton_family335_terminal_inverted_repeat_element964_chr10_194087_195208	0.050	1.92
DTX_singleton_family336_terminal_inverted_repeat_element966_chr10_993906_995263	0.116	4.45
DTX_singleton_family337_terminal_inverted_repeat_element968_chr10_1403723_1405137	0.164	6.32
DTX_singleton_family338_terminal_inverted_repeat_element969_chr10_1666214_1672083	0.139	5.35
DTX_singleton_family339_terminal_inverted_repeat_element970_chr10_1809559_1815680	0.000	0.00
DTX_singleton_family340_terminal_inverted_repeat_element971_chr10_1926111_1927144	0.157	6.02
DTX_singleton_family341_terminal_inverted_repeat_element974_chr10_2236987_2237632	0.180	6.93
DTX_singleton_family342_terminal_inverted_repeat_element976_chr10_2371127_2376589	0.110	4.23
DTX_singleton_family343_terminal_inverted_repeat_element988_chr10_3227151_3229888	0.045	1.75
DTX_singleton_family344_terminal_inverted_repeat_element989_chr10_3234395_3242147	0.119	4.59
DTX_singleton_family345_terminal_inverted_repeat_element990_chr10_3294460_3300634	0.186	7.16
DTX_singleton_family346_terminal_inverted_repeat_element992_chr10_3414832_3422531	0.000	0.00
DTX_singleton_family347_terminal_inverted_repeat_element994_chr10_3653076_3657198	0.081	3.13
DTX_singleton_family348_terminal_inverted_repeat_element997_chr10_4503028_4506929	0.087	3.35
DTX_singleton_family349_terminal_inverted_repeat_element998_chr10_4775294_4776157	0.037	1.42
DTX_singleton_family350_terminal_inverted_repeat_element1007_chr10_5975150_5976757	0.071	2.73
DTX_singleton_family351_terminal_inverted_repeat_element1008_chr10_6177309_6181232	0.105	4.04
DTX_singleton_family352_terminal_inverted_repeat_element1012_chr10_6806848_6808010	0.244	9.40
DTX_singleton_family353_terminal_inverted_repeat_element1013_chr10_6847445_6848186	0.220	8.45
DTX_singleton_family354_terminal_inverted_repeat_element1014_chr10_6992972_6993759	0.075	2.90
DTX_singleton_family355_terminal_inverted_repeat_element1019_chr10_7311538_7313969	0.123	4.73
DTX_singleton_family356_terminal_inverted_repeat_element1021_chr10_7540758_7541957	0.047	1.80
DTX_singleton_family357_terminal_inverted_repeat_element1031_chr10_9359935_9361570	0.000	0.00
DTX_singleton_family358_terminal_inverted_repeat_element1032_chr10_9470683_9477157	0.172	6.63
DTX_singleton_family359_terminal_inverted_repeat_element1038_chr10_9697980_9703084	0.036	1.38
DTX_singleton_family360_terminal_inverted_repeat_element1039_chr10_9748088_9756676	0.000	0.00
DTX_singleton_family361_terminal_inverted_repeat_element1040_chr10_9847839_9855185	0.000	0.00
DTX_singleton_family362_terminal_inverted_repeat_element1043_chr11_227049_228015	0.039	1.49
DTX_singleton_family363_terminal_inverted_repeat_element1044_chr11_303434_305237	0.159	6.11
DTX_singleton_family364_terminal_inverted_repeat_element1048_chr11_808066_809593	0.317	12.20
DTX_singleton_family365_terminal_inverted_repeat_element1051_chr11_941636_943551	0.000	0.00
DTX_singleton_family366_terminal_inverted_repeat_element1052_chr11_1377635_1382325	0.018	0.69
DTX_singleton_family367_terminal_inverted_repeat_element1054_chr11_1782329_1783302	0.092	3.54
DTX_singleton_family368_terminal_inverted_repeat_element1055_chr11_2718375_2724631	0.048	1.83
DTX_singleton_family369_terminal_inverted_repeat_element1056_chr11_2993829_2995914	0.163	6.25
DTX_singleton_family370_terminal_inverted_repeat_element1058_chr11_3318960_3319617	0.029	1.11
DTX_singleton_family371_terminal_inverted_repeat_element1059_chr11_3527792_3534271	0.082	3.14
DTX_singleton_family372_terminal_inverted_repeat_element1064_chr11_5192249_5193290	0.125	4.80
DTX_singleton_family373_terminal_inverted_repeat_element1065_chr11_5482429_5485172	0.157	6.03
DTX_singleton_family374_terminal_inverted_repeat_element1073_chr11_6015059_6016519	0.210	8.09
DTX_singleton_family375_terminal_inverted_repeat_element1089_chr11_6958048_6960069	0.000	0.00
DTX_singleton_family376_terminal_inverted_repeat_element1095_chr11_7081892_7082861	0.099	3.80
DTX_singleton_family377_terminal_inverted_repeat_element1096_chr11_7190887_7196808	0.169	6.50
DTX_singleton_family378_terminal_inverted_repeat_element1097_chr11_7255906_7259537	0.119	4.59
DTX_singleton_family379_terminal_inverted_repeat_element1099_chr11_7352172_7355404	0.118	4.54
DTX_singleton_family380_terminal_inverted_repeat_element1101_chr11_7531173_7535539	0.044	1.69
DTX_singleton_family381_terminal_inverted_repeat_element1107_chr11_7926775_7928113	0.169	6.52
DTX_singleton_family382_terminal_inverted_repeat_element1108_chr11_7934283_7936203	0.191	7.33
DTX_singleton_family383_terminal_inverted_repeat_element1119_chr12_1253956_1255188	0.083	3.18
DTX_singleton_family384_terminal_inverted_repeat_element1121_chr12_1837183_1838414	0.036	1.38
DTX_singleton_family385_terminal_inverted_repeat_element1122_chr12_1863736_1866924	0.165	6.35
DTX_singleton_family386_terminal_inverted_repeat_element1124_chr12_2223737_2225628	0.128	4.91
DTX_singleton_family387_terminal_inverted_repeat_element1128_chr12_2955200_2959427	0.037	1.44
DTX_singleton_family388_terminal_inverted_repeat_element1130_chr12_3310084_3312487	0.000	0.00
DTX_singleton_family389_terminal_inverted_repeat_element1133_chr12_4464369_4472284	0.134	5.17
DTX_singleton_family390_terminal_inverted_repeat_element1147_chr12_5629416_5635225	0.188	7.23
DTX_singleton_family391_terminal_inverted_repeat_element1154_chr12_6840943_6843767	0.088	3.38
DTX_singleton_family392_terminal_inverted_repeat_element1157_chr12_6990316_6998217	0.087	3.34
DTX_singleton_family393_terminal_inverted_repeat_element1161_chr12_7143164_7148558	0.054	2.09
DTX_singleton_family394_terminal_inverted_repeat_element1165_chr12_7390205_7391084	0.118	4.54
DTX_singleton_family395_terminal_inverted_repeat_element1172_chr12_7839192_7840234	0.163	6.25
DTX_singleton_family396_terminal_inverted_repeat_element1185_chr12_8880116_8880723	0.171	6.57
DTX_singleton_family397_terminal_inverted_repeat_element1186_chr12_8999952_9008292	0.037	1.44
DTX_singleton_family398_terminal_inverted_repeat_element1189_chr13_751074_756481	0.064	2.44
DTX_singleton_family399_terminal_inverted_repeat_element1190_chr13_1242304_1249271	0.080	3.06
DTX_singleton_family400_terminal_inverted_repeat_element1192_chr13_1864658_1873941	0.040	1.53
DTX_singleton_family401_terminal_inverted_repeat_element1193_chr13_2266658_2268719	0.102	3.94
DTX_singleton_family402_terminal_inverted_repeat_element1195_chr13_2668017_2671498	0.135	5.18
DTX_singleton_family403_terminal_inverted_repeat_element1197_chr13_2755102_2756333	0.287	11.05
DTX_singleton_family404_terminal_inverted_repeat_element1198_chr13_2768313_2770548	0.163	6.25
DTX_singleton_family405_terminal_inverted_repeat_element1206_chr13_4325186_4334335	0.185	7.10
DTX_singleton_family406_terminal_inverted_repeat_element1208_chr13_4558022_4558683	0.000	0.00
DTX_singleton_family407_terminal_inverted_repeat_element1209_chr13_4660082_4666958	0.038	1.48
DTX_singleton_family408_terminal_inverted_repeat_element1210_chr13_4703194_4710403	0.132	5.08
DTX_singleton_family409_terminal_inverted_repeat_element1213_chr13_4924516_4932420	0.038	1.48
DTX_singleton_family410_terminal_inverted_repeat_element1214_chr13_4946970_4949758	0.188	7.23
DTX_singleton_family411_terminal_inverted_repeat_element1217_chr13_5133824_5142252	0.154	5.93
DTX_singleton_family412_terminal_inverted_repeat_element1218_chr13_5352225_5359438	0.091	3.51
DTX_singleton_family413_terminal_inverted_repeat_element1220_chr13_5788430_5789057	0.000	0.00
DTX_singleton_family414_terminal_inverted_repeat_element1224_chr13_6220222_6224105	0.000	0.00
DTX_singleton_family415_terminal_inverted_repeat_element1225_chr13_6360707_6369422	0.166	6.39
DTX_singleton_family416_terminal_inverted_repeat_element1227_chr13_6463432_6466237	0.097	3.72
DTX_singleton_family417_terminal_inverted_repeat_element1228_chr13_6479386_6481591	0.075	2.90
DTX_singleton_family418_terminal_inverted_repeat_element1231_chr13_6906150_6910019	0.040	1.55
DTX_singleton_family419_terminal_inverted_repeat_element1235_chr13_7901558_7902857	0.036	1.37
DTX_singleton_family420_terminal_inverted_repeat_element1237_chr13_8501416_8503201	0.260	10.00
DTX_singleton_family421_terminal_inverted_repeat_element1239_chr13_8554525_8560149	0.163	6.28
DTX_singleton_family422_terminal_inverted_repeat_element1242_chr14_137689_138834	0.086	3.32
DTX_singleton_family423_terminal_inverted_repeat_element1243_chr14_306480_307396	0.095	3.66
DTX_singleton_family424_terminal_inverted_repeat_element1245_chr14_539949_549099	0.123	4.74
DTX_singleton_family425_terminal_inverted_repeat_element1264_chr14_2731121_2739292	0.149	5.72
DTX_singleton_family426_terminal_inverted_repeat_element1269_chr14_2898095_2903598	0.090	3.45
DTX_singleton_family427_terminal_inverted_repeat_element1274_chr14_3911553_3916439	0.025	0.97
DTX_singleton_family428_terminal_inverted_repeat_element1275_chr14_3974839_3977238	0.134	5.16
DTX_singleton_family429_terminal_inverted_repeat_element1284_chr14_4689118_4691738	0.083	3.20
DTX_singleton_family430_terminal_inverted_repeat_element1289_chr14_6163560_6166991	0.045	1.73
DTX_singleton_family431_terminal_inverted_repeat_element1290_chr14_6226463_6234286	0.090	3.47
DTX_singleton_family432_terminal_inverted_repeat_element1291_chr14_6798793_6801071	0.085	3.27
DTX_singleton_family433_terminal_inverted_repeat_element1295_chr14_8782380_8783762	0.081	3.11
DTX_singleton_family434_terminal_inverted_repeat_element1297_chr14_8849136_8850150	0.170	6.53
DTX_singleton_family435_terminal_inverted_repeat_element1298_chr15_208148_215618	0.154	5.93
DTX_singleton_family436_terminal_inverted_repeat_element1299_chr15_307314_314938	0.035	1.34
DTX_singleton_family437_terminal_inverted_repeat_element1300_chr15_575008_581619	0.071	2.73
DTX_singleton_family438_terminal_inverted_repeat_element1302_chr15_724255_727779	0.073	2.80
DTX_singleton_family439_terminal_inverted_repeat_element1314_chr15_1185817_1187653	0.000	0.00
DTX_singleton_family440_terminal_inverted_repeat_element1315_chr15_1239679_1240724	0.119	4.58
DTX_singleton_family441_terminal_inverted_repeat_element1316_chr15_1332101_1333866	0.194	7.44
DTX_singleton_family442_terminal_inverted_repeat_element1317_chr15_1374753_1377551	0.063	2.43
DTX_singleton_family443_terminal_inverted_repeat_element1321_chr15_1834921_1835604	0.340	13.08
DTX_singleton_family444_terminal_inverted_repeat_element1322_chr15_2149225_2156927	0.058	2.21
DTX_singleton_family445_terminal_inverted_repeat_element1323_chr15_2279353_2282104	0.035	1.34
DTX_singleton_family446_terminal_inverted_repeat_element1328_chr15_2970402_2971213	0.116	4.47
DTX_singleton_family447_terminal_inverted_repeat_element1335_chr15_3515763_3516574	0.116	4.47
DTX_singleton_family448_terminal_inverted_repeat_element1338_chr15_3927551_3930041	0.093	3.58
DTX_singleton_family449_terminal_inverted_repeat_element1339_chr15_4027206_4028070	0.000	0.00
DTX_singleton_family450_terminal_inverted_repeat_element1340_chr15_4050436_4058316	0.141	5.41
DTX_singleton_family451_terminal_inverted_repeat_element1347_chr15_4779469_4787296	0.075	2.90
DTX_singleton_family452_terminal_inverted_repeat_element1348_chr15_4795358_4804233	0.182	7.00
DTX_singleton_family453_terminal_inverted_repeat_element1351_chr15_5057784_5060437	0.075	2.90
DTX_singleton_family454_terminal_inverted_repeat_element1352_chr15_5193915_5196368	0.000	0.00
DTX_singleton_family455_terminal_inverted_repeat_element1354_chr15_5454053_5462322	0.080	3.06
DTX_singleton_family456_terminal_inverted_repeat_element1358_chr15_5921230_5926868	0.056	2.17
DTX_singleton_family457_terminal_inverted_repeat_element1359_chr15_6015245_6016550	0.000	0.00
DTX_singleton_family458_terminal_inverted_repeat_element1363_chr15_6264336_6265014	0.133	5.11
DTX_singleton_family459_terminal_inverted_repeat_element1368_chr15_8125605_8131826	0.261	10.03
DTX_singleton_family460_terminal_inverted_repeat_element1372_chr16_101318_104371	0.034	1.29
DTX_singleton_family461_terminal_inverted_repeat_element1373_chr16_630146_632366	0.000	0.00
DTX_singleton_family462_terminal_inverted_repeat_element1374_chr16_857042_860958	0.087	3.35
DTX_singleton_family463_terminal_inverted_repeat_element1375_chr16_966353_971391	0.113	4.33
DTX_singleton_family464_terminal_inverted_repeat_element1377_chr16_1046258_1048660	0.054	2.08
DTX_singleton_family465_terminal_inverted_repeat_element1378_chr16_1063944_1065953	0.044	1.68
DTX_singleton_family466_terminal_inverted_repeat_element1380_chr16_1208658_1210055	0.157	6.05
DTX_singleton_family467_terminal_inverted_repeat_element1384_chr16_1432381_1434618	0.129	4.98
DTX_singleton_family468_terminal_inverted_repeat_element1385_chr16_1480955_1482979	0.136	5.24
DTX_singleton_family469_terminal_inverted_repeat_element1390_chr16_1846788_1847444	0.142	5.45
DTX_singleton_family470_terminal_inverted_repeat_element1394_chr16_2094015_2096200	0.104	4.01
DTX_singleton_family471_terminal_inverted_repeat_element1397_chr16_2408666_2413483	0.119	4.58
DTX_singleton_family472_terminal_inverted_repeat_element1398_chr16_2852628_2859449	0.072	2.75
DTX_singleton_family473_terminal_inverted_repeat_element1401_chr16_3435323_3444122	0.043	1.67
DTX_singleton_family474_terminal_inverted_repeat_element1402_chr16_3729858_3738936	0.073	2.80
DTX_singleton_family475_terminal_inverted_repeat_element1403_chr16_3985381_3986520	0.037	1.44
DTX_singleton_family476_terminal_inverted_repeat_element1404_chr16_4446221_4447040	0.032	1.24
DTX_singleton_family477_terminal_inverted_repeat_element1405_chr16_4540959_4547044	0.030	1.14
DTX_singleton_family478_terminal_inverted_repeat_element1407_chr16_4675820_4679409	0.087	3.35
DTX_singleton_family479_terminal_inverted_repeat_element1408_chr16_5054712_5058078	0.142	5.45
DTX_singleton_family480_terminal_inverted_repeat_element1409_chr16_5753799_5755981	0.061	2.35
DTX_singleton_family481_terminal_inverted_repeat_element1412_chr16_6541814_6549196	0.075	2.90
DTX_singleton_family482_terminal_inverted_repeat_element1415_chr16_7064510_7067273	0.036	1.38
DTX_singleton_family483_terminal_inverted_repeat_element1419_chr16_7560289_7564648	0.042	1.60
DTX_singleton_family484_terminal_inverted_repeat_element1422_chr16_7967579_7969910	0.130	4.98
DTX_singleton_family485_terminal_inverted_repeat_element1424_chr16_8198292_8200629	0.110	4.22
DTX_singleton_family486_terminal_inverted_repeat_element1428_chr17_213520_214765	0.046	1.77
DTX_singleton_family487_terminal_inverted_repeat_element1430_chr17_344780_352780	0.077	2.97
DTX_singleton_family488_terminal_inverted_repeat_element1438_chr17_1448158_1450315	0.043	1.67
DTX_singleton_family489_terminal_inverted_repeat_element1441_chr17_1613825_1614505	0.130	5.02
DTX_singleton_family490_terminal_inverted_repeat_element1443_chr17_1667128_1675744	0.231	8.87
DTX_singleton_family491_terminal_inverted_repeat_element1452_chr17_2691407_2700193	0.086	3.32
DTX_singleton_family492_terminal_inverted_repeat_element1456_chr17_3292381_3296101	0.141	5.40
DTX_singleton_family493_terminal_inverted_repeat_element1457_chr17_3425662_3434525	0.000	0.00
DTX_singleton_family494_terminal_inverted_repeat_element1462_chr17_4770348_4780174	0.000	0.00
DTX_singleton_family495_terminal_inverted_repeat_element1466_chr17_5160497_5161790	0.030	1.17
DTX_singleton_family496_terminal_inverted_repeat_element1467_chr17_5175014_5179872	0.076	2.94
DTX_singleton_family497_terminal_inverted_repeat_element1469_chr17_5610647_5611355	0.040	1.55
DTX_singleton_family498_terminal_inverted_repeat_element1470_chr17_5673218_5678912	0.091	3.48
DTX_singleton_family499_terminal_inverted_repeat_element1476_chr17_7234653_7235383	0.037	1.44
DTX_singleton_family500_terminal_inverted_repeat_element1477_chr17_7638153_7642559	0.000	0.00
DTX_singleton_family501_terminal_inverted_repeat_element1478_chr18_213229_220063	0.000	0.00
DTX_singleton_family502_terminal_inverted_repeat_element1479_chr18_357744_360391	0.028	1.07
DTX_singleton_family503_terminal_inverted_repeat_element1484_chr18_997111_1003922	0.115	4.42
DTX_singleton_family504_terminal_inverted_repeat_element1485_chr18_1115458_1120787	0.000	0.00
DTX_singleton_family505_terminal_inverted_repeat_element1487_chr18_1370965_1371821	0.063	2.41
DTX_singleton_family506_terminal_inverted_repeat_element1489_chr18_1543448_1546034	0.037	1.42
DTX_singleton_family507_terminal_inverted_repeat_element1493_chr18_1723052_1731678	0.124	4.75
DTX_singleton_family508_terminal_inverted_repeat_element1497_chr18_2371908_2372753	0.050	1.92
DTX_singleton_family509_terminal_inverted_repeat_element1502_chr18_3021814_3025856	0.255	9.80
DTX_singleton_family510_terminal_inverted_repeat_element1504_chr18_3339740_3347320	0.104	3.99
DTX_singleton_family511_terminal_inverted_repeat_element1506_chr18_3843829_3844758	0.196	7.55
DTX_singleton_family512_terminal_inverted_repeat_element1509_chr18_4067176_4076356	0.000	0.00
DTX_singleton_family513_terminal_inverted_repeat_element1510_chr18_4129181_4129875	0.042	1.60
DTX_singleton_family514_terminal_inverted_repeat_element1511_chr18_4291255_4301177	0.034	1.32
DTX_singleton_family515_terminal_inverted_repeat_element1513_chr18_4568604_4570913	0.080	3.07
DTX_singleton_family516_terminal_inverted_repeat_element1519_chr18_5250166_5258904	0.037	1.44
DTX_singleton_family517_terminal_inverted_repeat_element1520_chr18_5385435_5394826	0.075	2.90
DTX_singleton_family518_terminal_inverted_repeat_element1522_chr18_6110418_6113220	0.095	3.63
DTX_singleton_family519_terminal_inverted_repeat_element1523_chr18_6351399_6356565	0.091	3.51
DTX_singleton_family520_terminal_inverted_repeat_element1524_chr18_6623992_6624664	0.059	2.28
DTX_singleton_family521_terminal_inverted_repeat_element1532_chr19_127974_132251	0.000	0.00
DTX_singleton_family522_terminal_inverted_repeat_element1533_chr19_233405_235934	0.135	5.18
DTX_singleton_family523_terminal_inverted_repeat_element1535_chr19_900117_905447	0.204	7.83
DTX_singleton_family524_terminal_inverted_repeat_element1537_chr19_1123245_1127773	0.033	1.28
DTX_singleton_family525_terminal_inverted_repeat_element1540_chr19_1220784_1224626	0.114	4.39
DTX_singleton_family526_terminal_inverted_repeat_element1547_chr19_2095158_2098185	0.170	6.55
DTX_singleton_family527_terminal_inverted_repeat_element1550_chr19_2646333_2647312	0.122	4.69
DTX_singleton_family528_terminal_inverted_repeat_element1552_chr19_2759241_2762882	0.066	2.55
DTX_singleton_family529_terminal_inverted_repeat_element1555_chr19_3261512_3263970	0.127	4.88
DTX_singleton_family530_terminal_inverted_repeat_element1560_chr19_3777933_3781478	0.067	2.57
DTX_singleton_family531_terminal_inverted_repeat_element1564_chr19_4523586_4528779	0.026	1.02
DTX_singleton_family532_terminal_inverted_repeat_element1568_chr19_4950703_4954460	0.134	5.14
DTX_singleton_family533_terminal_inverted_repeat_element1572_chr19_6075802_6080454	0.155	5.96
DTX_singleton_family534_terminal_inverted_repeat_element1575_chr19_6787665_6789907	0.000	0.00
DTX_singleton_family535_terminal_inverted_repeat_element1579_chr20_501035_509109	0.000	0.00
DTX_singleton_family536_terminal_inverted_repeat_element1581_chr20_590654_595988	0.067	2.57
DTX_singleton_family537_terminal_inverted_repeat_element1582_chr20_622613_632227	0.066	2.55
DTX_singleton_family538_terminal_inverted_repeat_element1589_chr20_1323161_1325892	0.000	0.00
DTX_singleton_family539_terminal_inverted_repeat_element1592_chr20_2362569_2363363	0.156	5.99
DTX_singleton_family540_terminal_inverted_repeat_element1593_chr20_2478326_2479069	0.163	6.28
DTX_singleton_family541_terminal_inverted_repeat_element1602_chr20_3570798_3577664	0.235	9.05
DTX_singleton_family542_terminal_inverted_repeat_element1605_chr20_4366815_4370596	0.202	7.76
DTX_singleton_family543_terminal_inverted_repeat_element1608_chr20_4710398_4720388	0.044	1.69
DTX_singleton_family544_terminal_inverted_repeat_element1612_chr20_4843782_4847591	0.246	9.48
DTX_singleton_family545_terminal_inverted_repeat_element1619_chr20_5637757_5639342	0.137	5.27
DTX_singleton_family546_terminal_inverted_repeat_element1621_chr20_5662770_5671979	0.137	5.28
DTX_singleton_family547_terminal_inverted_repeat_element1622_chr20_5695623_5700837	0.000	0.00
DTX_singleton_family548_terminal_inverted_repeat_element1623_chr20_5702010_5706755	0.111	4.28
DTX_singleton_family549_terminal_inverted_repeat_element1629_chr21_50659_51683	0.000	0.00
DTX_singleton_family550_terminal_inverted_repeat_element1630_chr21_77895_84710	0.000	0.00
DTX_singleton_family551_terminal_inverted_repeat_element1634_chr27_948_6611	0.000	0.00
